,tid,sid,latitude,longitude,time,wind,label
0,1374,1,28.4,-67.0,2005-09-05 18:00:00,30,LOW_INTENSITY
1,1374,1,28.4,-66.6,2005-09-06 00:00:00,35,LOW_INTENSITY
29,1375,1,25.8,-78.6,2005-09-06 06:00:00,25,LOW_INTENSITY
3,1374,1,28.5,-66.5,2005-09-06 12:00:00,50,LOW_INTENSITY
31,1375,1,26.8,-78.3,2005-09-06 18:00:00,25,LOW_INTENSITY
32,1375,1,27.4,-78.5,2005-09-07 00:00:00,30,LOW_INTENSITY
6,1374,1,28.7,-66.3,2005-09-07 06:00:00,60,LOW_INTENSITY
34,1375,1,28.7,-79.2,2005-09-07 12:00:00,40,LOW_INTENSITY
35,1375,1,28.8,-79.3,2005-09-07 18:00:00,45,LOW_INTENSITY
9,1374,2,29.6,-65.7,2005-09-08 00:00:00,75,HIGH_INTENSITY
37,1375,1,28.7,-79.6,2005-09-08 06:00:00,50,LOW_INTENSITY
11,1374,2,30.5,-63.8,2005-09-08 12:00:00,75,HIGH_INTENSITY
12,1374,2,31.4,-62.7,2005-09-08 18:00:00,75,HIGH_INTENSITY
13,1374,2,32.6,-61.1,2005-09-09 00:00:00,80,HIGH_INTENSITY
14,1374,2,33.4,-59.1,2005-09-09 06:00:00,70,HIGH_INTENSITY
15,1374,2,34.0,-55.8,2005-09-09 12:00:00,65,HIGH_INTENSITY
16,1374,3,34.5,-53.4,2005-09-09 18:00:00,55,LOW_INTENSITY
44,1375,5,30.2,-77.5,2005-09-10 00:00:00,60,LOW_INTENSITY
18,1374,3,34.6,-49.0,2005-09-10 06:00:00,45,LOW_INTENSITY
19,1374,3,34.5,-45.9,2005-09-10 12:00:00,45,LOW_INTENSITY
20,1374,3,34.9,-44.1,2005-09-10 18:00:00,45,LOW_INTENSITY
21,1374,3,35.2,-42.1,2005-09-11 00:00:00,40,LOW_INTENSITY
22,1374,3,36.0,-40.6,2005-09-11 06:00:00,40,LOW_INTENSITY
50,1375,6,31.6,-75.7,2005-09-11 12:00:00,70,HIGH_INTENSITY
51,1375,6,31.4,-75.9,2005-09-11 18:00:00,65,HIGH_INTENSITY
52,1375,7,31.2,-76.2,2005-09-12 00:00:00,60,LOW_INTENSITY
53,1375,7,31.2,-76.6,2005-09-12 06:00:00,60,LOW_INTENSITY
54,1375,7,31.5,-76.9,2005-09-12 12:00:00,55,LOW_INTENSITY
28,1374,3,46.0,-25.0,2005-09-12 18:00:00,35,LOW_INTENSITY
56,1375,7,31.8,-77.7,2005-09-13 00:00:00,60,LOW_INTENSITY
57,1375,7,31.9,-77.9,2005-09-13 06:00:00,60,LOW_INTENSITY
58,1375,7,32.1,-78.0,2005-09-13 12:00:00,60,LOW_INTENSITY
59,1375,7,32.3,-78.1,2005-09-13 18:00:00,60,LOW_INTENSITY
60,1375,8,32.6,-78.1,2005-09-14 00:00:00,65,HIGH_INTENSITY
61,1375,8,32.9,-78.0,2005-09-14 06:00:00,70,HIGH_INTENSITY
62,1375,8,33.4,-77.7,2005-09-14 12:00:00,75,HIGH_INTENSITY
63,1375,8,33.9,-77.5,2005-09-14 18:00:00,75,HIGH_INTENSITY
64,1375,8,34.2,-76.9,2005-09-15 00:00:00,75,HIGH_INTENSITY
65,1375,8,34.5,-76.3,2005-09-15 06:00:00,70,HIGH_INTENSITY
66,1375,8,34.7,-75.8,2005-09-15 12:00:00,65,HIGH_INTENSITY
67,1375,8,34.7,-75.6,2005-09-15 18:00:00,65,HIGH_INTENSITY
68,1375,9,34.6,-75.1,2005-09-16 00:00:00,60,LOW_INTENSITY
69,1375,9,34.7,-74.8,2005-09-16 06:00:00,55,LOW_INTENSITY
70,1375,9,35.4,-74.4,2005-09-16 12:00:00,50,LOW_INTENSITY
71,1375,9,36.4,-73.6,2005-09-16 18:00:00,55,LOW_INTENSITY
72,1375,9,37.3,-72.7,2005-09-17 00:00:00,55,LOW_INTENSITY
73,1375,9,38.7,-71.4,2005-09-17 06:00:00,50,LOW_INTENSITY
74,1375,9,40.0,-69.7,2005-09-17 12:00:00,50,LOW_INTENSITY
96,1376,1,13.5,-54.9,2005-09-17 18:00:00,35,LOW_INTENSITY
76,1375,9,43.2,-64.9,2005-09-18 00:00:00,45,LOW_INTENSITY
77,1375,9,44.8,-62.6,2005-09-18 06:00:00,45,LOW_INTENSITY
99,1376,1,14.9,-55.5,2005-09-18 12:00:00,50,LOW_INTENSITY
126,1377,1,22.2,-72.3,2005-09-18 18:00:00,35,LOW_INTENSITY
127,1377,1,22.4,-73.0,2005-09-19 00:00:00,45,LOW_INTENSITY
128,1377,1,22.6,-73.8,2005-09-19 06:00:00,50,LOW_INTENSITY
103,1376,2,17.2,-56.2,2005-09-19 12:00:00,65,HIGH_INTENSITY
83,1375,9,50.0,-42.1,2005-09-19 18:00:00,45,LOW_INTENSITY
131,1377,1,23.3,-77.2,2005-09-20 00:00:00,60,LOW_INTENSITY
132,1377,1,23.5,-78.8,2005-09-20 06:00:00,60,LOW_INTENSITY
133,1377,2,23.7,-80.3,2005-09-20 12:00:00,70,HIGH_INTENSITY
134,1377,2,23.9,-81.6,2005-09-20 18:00:00,85,HIGH_INTENSITY
109,1376,3,18.9,-57.2,2005-09-21 00:00:00,55,LOW_INTENSITY
110,1376,3,19.4,-57.1,2005-09-21 06:00:00,50,LOW_INTENSITY
137,1377,2,24.2,-85.2,2005-09-21 12:00:00,120,HIGH_INTENSITY
112,1376,3,20.8,-56.9,2005-09-21 18:00:00,40,LOW_INTENSITY
92,1375,9,61.7,-8.4,2005-09-22 00:00:00,35,LOW_INTENSITY
140,1377,2,24.8,-87.6,2005-09-22 06:00:00,155,HIGH_INTENSITY
94,1375,9,65.6,-1.0,2005-09-22 12:00:00,35,LOW_INTENSITY
142,1377,2,25.6,-89.1,2005-09-22 18:00:00,125,HIGH_INTENSITY
143,1377,2,26.0,-89.9,2005-09-23 00:00:00,120,HIGH_INTENSITY
144,1377,2,26.5,-90.7,2005-09-23 06:00:00,115,HIGH_INTENSITY
119,1376,3,30.5,-62.2,2005-09-23 12:00:00,30,LOW_INTENSITY
146,1377,2,27.8,-92.3,2005-09-23 18:00:00,110,HIGH_INTENSITY
121,1376,3,29.2,-63.8,2005-09-24 00:00:00,30,LOW_INTENSITY
122,1376,3,28.6,-62.8,2005-09-24 06:00:00,25,LOW_INTENSITY
149,1377,2,30.5,-94.1,2005-09-24 12:00:00,65,HIGH_INTENSITY
150,1377,3,31.6,-94.1,2005-09-24 18:00:00,45,LOW_INTENSITY
151,1377,3,32.7,-94.0,2005-09-25 00:00:00,35,LOW_INTENSITY
152,1377,3,33.7,-93.6,2005-09-25 06:00:00,30,LOW_INTENSITY
153,1377,3,34.7,-92.5,2005-09-25 12:00:00,25,LOW_INTENSITY
154,1377,3,35.8,-91.4,2005-09-25 18:00:00,25,LOW_INTENSITY
155,1377,3,37.0,-90.1,2005-09-26 00:00:00,20,LOW_INTENSITY
156,1377,3,39.5,-88.0,2005-09-26 06:00:00,20,LOW_INTENSITY
157,1378,1,18.9,-85.6,2005-10-01 12:00:00,25,LOW_INTENSITY
158,1378,1,19.1,-86.2,2005-10-01 18:00:00,30,LOW_INTENSITY
159,1378,1,19.3,-86.7,2005-10-02 00:00:00,30,LOW_INTENSITY
160,1378,1,19.5,-87.2,2005-10-02 06:00:00,40,LOW_INTENSITY
161,1378,1,19.8,-87.9,2005-10-02 12:00:00,35,LOW_INTENSITY
162,1378,1,20.3,-88.8,2005-10-02 18:00:00,35,LOW_INTENSITY
163,1378,1,20.5,-89.8,2005-10-03 00:00:00,30,LOW_INTENSITY
164,1378,1,20.5,-91.0,2005-10-03 06:00:00,35,LOW_INTENSITY
165,1378,1,20.3,-91.7,2005-10-03 12:00:00,40,LOW_INTENSITY
166,1378,1,20.1,-92.2,2005-10-03 18:00:00,50,LOW_INTENSITY
167,1378,1,19.8,-93.2,2005-10-04 00:00:00,55,LOW_INTENSITY
168,1378,2,19.2,-94.1,2005-10-04 06:00:00,65,HIGH_INTENSITY
169,1378,2,18.6,-94.9,2005-10-04 12:00:00,70,HIGH_INTENSITY
170,1378,3,17.9,-95.6,2005-10-04 18:00:00,45,LOW_INTENSITY
171,1378,3,17.2,-96.4,2005-10-05 00:00:00,30,LOW_INTENSITY
172,1378,3,16.9,-97.0,2005-10-05 06:00:00,25,LOW_INTENSITY
173,1381,1,32.9,-20.6,2005-10-08 06:00:00,40,LOW_INTENSITY
174,1381,1,33.0,-20.3,2005-10-08 12:00:00,45,LOW_INTENSITY
175,1381,1,33.1,-20.1,2005-10-08 18:00:00,45,LOW_INTENSITY
176,1381,1,33.2,-20.0,2005-10-09 00:00:00,45,LOW_INTENSITY
177,1381,1,33.4,-19.6,2005-10-09 06:00:00,50,LOW_INTENSITY
178,1381,1,33.8,-19.3,2005-10-09 12:00:00,55,LOW_INTENSITY
179,1381,2,34.1,-18.9,2005-10-09 18:00:00,65,HIGH_INTENSITY
180,1381,3,34.3,-18.3,2005-10-10 00:00:00,60,LOW_INTENSITY
181,1381,3,34.5,-17.2,2005-10-10 06:00:00,50,LOW_INTENSITY
182,1381,3,34.7,-15.3,2005-10-10 12:00:00,45,LOW_INTENSITY
183,1381,3,35.4,-12.8,2005-10-10 18:00:00,35,LOW_INTENSITY
184,1381,3,36.1,-10.5,2005-10-11 00:00:00,30,LOW_INTENSITY
185,1381,3,36.7,-8.3,2005-10-11 06:00:00,30,LOW_INTENSITY
186,1381,3,37.7,-6.0,2005-10-11 12:00:00,30,LOW_INTENSITY
187,1382,1,17.6,-78.5,2005-10-15 18:00:00,25,LOW_INTENSITY
188,1382,1,17.6,-78.8,2005-10-16 00:00:00,25,LOW_INTENSITY
189,1382,1,17.5,-79.0,2005-10-16 06:00:00,30,LOW_INTENSITY
190,1382,1,17.5,-79.2,2005-10-16 12:00:00,30,LOW_INTENSITY
191,1382,1,17.5,-79.4,2005-10-16 18:00:00,30,LOW_INTENSITY
192,1382,1,17.4,-79.6,2005-10-17 00:00:00,30,LOW_INTENSITY
193,1382,1,16.9,-79.6,2005-10-17 06:00:00,35,LOW_INTENSITY
194,1382,1,16.3,-79.7,2005-10-17 12:00:00,40,LOW_INTENSITY
195,1382,1,16.0,-79.8,2005-10-17 18:00:00,45,LOW_INTENSITY
196,1382,1,15.8,-79.9,2005-10-18 00:00:00,55,LOW_INTENSITY
197,1382,1,15.7,-79.9,2005-10-18 06:00:00,60,LOW_INTENSITY
198,1382,2,16.2,-80.3,2005-10-18 12:00:00,65,HIGH_INTENSITY
199,1382,2,16.6,-81.1,2005-10-18 18:00:00,75,HIGH_INTENSITY
200,1382,2,16.6,-81.8,2005-10-19 00:00:00,130,HIGH_INTENSITY
201,1382,2,17.0,-82.2,2005-10-19 06:00:00,150,HIGH_INTENSITY
202,1382,2,17.3,-82.8,2005-10-19 12:00:00,160,HIGH_INTENSITY
203,1382,2,17.4,-83.4,2005-10-19 18:00:00,140,HIGH_INTENSITY
204,1382,2,17.9,-84.0,2005-10-20 00:00:00,135,HIGH_INTENSITY
205,1382,2,18.1,-84.7,2005-10-20 06:00:00,130,HIGH_INTENSITY
206,1382,2,18.3,-85.2,2005-10-20 12:00:00,130,HIGH_INTENSITY
207,1382,2,18.6,-85.5,2005-10-20 18:00:00,130,HIGH_INTENSITY
208,1382,2,19.1,-85.8,2005-10-21 00:00:00,130,HIGH_INTENSITY
209,1382,2,19.5,-86.1,2005-10-21 06:00:00,130,HIGH_INTENSITY
210,1382,2,20.1,-86.4,2005-10-21 12:00:00,125,HIGH_INTENSITY
211,1382,2,20.3,-86.7,2005-10-21 18:00:00,120,HIGH_INTENSITY
212,1382,2,20.6,-86.8,2005-10-22 00:00:00,120,HIGH_INTENSITY
213,1382,2,20.8,-87.0,2005-10-22 06:00:00,110,HIGH_INTENSITY
214,1382,2,21.0,-87.1,2005-10-22 12:00:00,100,HIGH_INTENSITY
215,1382,2,21.3,-87.1,2005-10-22 18:00:00,85,HIGH_INTENSITY
216,1382,2,21.6,-87.0,2005-10-23 00:00:00,85,HIGH_INTENSITY
217,1382,2,21.8,-86.8,2005-10-23 06:00:00,85,HIGH_INTENSITY
218,1382,2,22.4,-86.1,2005-10-23 12:00:00,85,HIGH_INTENSITY
219,1382,2,23.1,-85.4,2005-10-23 18:00:00,90,HIGH_INTENSITY
220,1382,2,24.0,-84.3,2005-10-24 00:00:00,95,HIGH_INTENSITY
221,1382,2,25.0,-83.1,2005-10-24 06:00:00,110,HIGH_INTENSITY
222,1382,2,26.2,-81.0,2005-10-24 12:00:00,95,HIGH_INTENSITY
223,1382,2,28.0,-78.8,2005-10-24 18:00:00,105,HIGH_INTENSITY
224,1382,2,30.1,-76.0,2005-10-25 00:00:00,110,HIGH_INTENSITY
225,1382,2,33.3,-72.0,2005-10-25 06:00:00,100,HIGH_INTENSITY
226,1382,2,36.8,-67.9,2005-10-25 12:00:00,90,HIGH_INTENSITY
227,1382,2,40.5,-63.5,2005-10-25 18:00:00,75,HIGH_INTENSITY
228,1382,3,42.5,-60.0,2005-10-26 00:00:00,60,LOW_INTENSITY
229,1382,3,44.0,-57.5,2005-10-26 06:00:00,55,LOW_INTENSITY
230,1382,3,45.0,-55.0,2005-10-26 12:00:00,50,LOW_INTENSITY
231,1382,3,45.5,-52.0,2005-10-26 18:00:00,40,LOW_INTENSITY
233,1384,1,10.7,-81.1,2005-10-27 00:00:00,30,LOW_INTENSITY
234,1384,1,11.0,-81.3,2005-10-27 06:00:00,35,LOW_INTENSITY
235,1384,1,11.3,-81.3,2005-10-27 12:00:00,45,LOW_INTENSITY
236,1384,1,11.6,-81.3,2005-10-27 18:00:00,50,LOW_INTENSITY
237,1384,1,11.9,-81.2,2005-10-28 00:00:00,50,LOW_INTENSITY
238,1384,1,12.3,-81.1,2005-10-28 06:00:00,50,LOW_INTENSITY
239,1384,1,12.8,-81.0,2005-10-28 12:00:00,50,LOW_INTENSITY
240,1384,1,13.2,-81.1,2005-10-28 18:00:00,50,LOW_INTENSITY
241,1384,1,13.4,-81.2,2005-10-29 00:00:00,60,LOW_INTENSITY
242,1384,2,13.6,-81.4,2005-10-29 06:00:00,70,HIGH_INTENSITY
243,1384,2,13.7,-81.6,2005-10-29 12:00:00,75,HIGH_INTENSITY
244,1384,2,13.7,-82.1,2005-10-29 18:00:00,75,HIGH_INTENSITY
245,1384,2,13.6,-82.6,2005-10-30 00:00:00,90,HIGH_INTENSITY
246,1384,2,13.3,-83.1,2005-10-30 06:00:00,100,HIGH_INTENSITY
247,1384,2,12.9,-83.5,2005-10-30 12:00:00,90,HIGH_INTENSITY
248,1384,3,12.7,-84.1,2005-10-30 18:00:00,55,LOW_INTENSITY
249,1384,3,12.7,-84.9,2005-10-31 00:00:00,20,LOW_INTENSITY
250,1387,1,31.5,-49.2,2005-11-29 06:00:00,45,LOW_INTENSITY
251,1387,1,31.6,-50.0,2005-11-29 12:00:00,45,LOW_INTENSITY
252,1387,1,31.4,-50.8,2005-11-29 18:00:00,45,LOW_INTENSITY
253,1387,1,31.4,-51.5,2005-11-30 00:00:00,45,LOW_INTENSITY
254,1387,1,31.1,-52.5,2005-11-30 06:00:00,50,LOW_INTENSITY
255,1387,1,30.8,-53.5,2005-11-30 12:00:00,55,LOW_INTENSITY
256,1387,1,30.1,-54.2,2005-11-30 18:00:00,50,LOW_INTENSITY
257,1387,1,29.7,-53.8,2005-12-01 00:00:00,50,LOW_INTENSITY
258,1387,1,30.0,-52.7,2005-12-01 06:00:00,50,LOW_INTENSITY
259,1387,1,30.8,-51.9,2005-12-01 12:00:00,50,LOW_INTENSITY
260,1387,1,31.4,-51.3,2005-12-01 18:00:00,55,LOW_INTENSITY
261,1387,1,31.9,-50.6,2005-12-02 00:00:00,55,LOW_INTENSITY
262,1387,1,32.5,-49.8,2005-12-02 06:00:00,55,LOW_INTENSITY
263,1387,1,33.2,-48.9,2005-12-02 12:00:00,60,LOW_INTENSITY
264,1387,2,33.9,-47.9,2005-12-02 18:00:00,65,HIGH_INTENSITY
265,1387,2,34.3,-47.1,2005-12-03 00:00:00,65,HIGH_INTENSITY
266,1387,2,34.5,-46.2,2005-12-03 06:00:00,65,HIGH_INTENSITY
267,1387,2,34.5,-45.0,2005-12-03 12:00:00,65,HIGH_INTENSITY
268,1387,2,34.5,-43.7,2005-12-03 18:00:00,65,HIGH_INTENSITY
269,1387,2,34.3,-42.3,2005-12-04 00:00:00,65,HIGH_INTENSITY
270,1387,2,34.4,-41.1,2005-12-04 06:00:00,65,HIGH_INTENSITY
271,1387,2,34.3,-39.8,2005-12-04 12:00:00,70,HIGH_INTENSITY
272,1387,2,34.3,-38.8,2005-12-04 18:00:00,70,HIGH_INTENSITY
273,1387,2,34.2,-37.8,2005-12-05 00:00:00,70,HIGH_INTENSITY
274,1387,2,34.0,-36.7,2005-12-05 06:00:00,75,HIGH_INTENSITY
275,1387,2,33.8,-35.5,2005-12-05 12:00:00,75,HIGH_INTENSITY
276,1387,2,33.7,-34.6,2005-12-05 18:00:00,70,HIGH_INTENSITY
277,1387,2,33.4,-33.8,2005-12-06 00:00:00,65,HIGH_INTENSITY
278,1387,2,33.1,-33.7,2005-12-06 06:00:00,65,HIGH_INTENSITY
279,1387,2,32.3,-33.7,2005-12-06 12:00:00,65,HIGH_INTENSITY
280,1387,2,31.6,-34.2,2005-12-06 18:00:00,65,HIGH_INTENSITY
281,1387,2,30.8,-34.9,2005-12-07 00:00:00,65,HIGH_INTENSITY
282,1387,2,30.1,-36.0,2005-12-07 06:00:00,65,HIGH_INTENSITY
283,1387,2,29.4,-37.1,2005-12-07 12:00:00,65,HIGH_INTENSITY
284,1387,3,28.7,-38.1,2005-12-07 18:00:00,60,LOW_INTENSITY
285,1387,3,28.2,-38.8,2005-12-08 00:00:00,50,LOW_INTENSITY
286,1387,3,27.4,-39.3,2005-12-08 06:00:00,35,LOW_INTENSITY
287,1387,3,26.5,-40.0,2005-12-08 12:00:00,30,LOW_INTENSITY
288,1387,3,25.9,-40.5,2005-12-08 18:00:00,30,LOW_INTENSITY
289,1387,3,25.5,-40.6,2005-12-09 00:00:00,30,LOW_INTENSITY
290,1387,3,25.1,-40.4,2005-12-09 06:00:00,25,LOW_INTENSITY
291,1387,3,24.7,-40.1,2005-12-09 12:00:00,25,LOW_INTENSITY
292,1387,3,24.7,-39.2,2005-12-09 18:00:00,25,LOW_INTENSITY
293,1394,1,12.7,-61.6,2006-08-24 18:00:00,30,LOW_INTENSITY
294,1394,1,13.0,-63.0,2006-08-25 00:00:00,30,LOW_INTENSITY
295,1394,1,13.3,-64.4,2006-08-25 06:00:00,30,LOW_INTENSITY
296,1394,1,13.7,-65.8,2006-08-25 12:00:00,35,LOW_INTENSITY
297,1394,1,14.0,-67.1,2006-08-25 18:00:00,35,LOW_INTENSITY
298,1394,1,14.3,-68.3,2006-08-26 00:00:00,40,LOW_INTENSITY
299,1394,1,14.6,-69.5,2006-08-26 06:00:00,45,LOW_INTENSITY
300,1394,1,15.1,-70.4,2006-08-26 12:00:00,50,LOW_INTENSITY
301,1394,1,15.7,-71.2,2006-08-26 18:00:00,55,LOW_INTENSITY
302,1394,1,16.3,-72.0,2006-08-27 00:00:00,55,LOW_INTENSITY
303,1394,2,16.9,-72.7,2006-08-27 06:00:00,65,HIGH_INTENSITY
304,1394,3,17.4,-73.4,2006-08-27 12:00:00,55,LOW_INTENSITY
305,1394,3,17.8,-74.0,2006-08-27 18:00:00,45,LOW_INTENSITY
306,1394,3,18.3,-74.6,2006-08-28 00:00:00,40,LOW_INTENSITY
307,1394,3,19.1,-75.2,2006-08-28 06:00:00,40,LOW_INTENSITY
308,1394,3,20.0,-75.6,2006-08-28 12:00:00,35,LOW_INTENSITY
309,1394,3,20.8,-76.4,2006-08-28 18:00:00,35,LOW_INTENSITY
310,1394,3,21.6,-77.4,2006-08-29 00:00:00,35,LOW_INTENSITY
311,1394,3,22.4,-78.5,2006-08-29 06:00:00,40,LOW_INTENSITY
312,1394,3,23.2,-79.3,2006-08-29 12:00:00,40,LOW_INTENSITY
313,1394,3,23.9,-79.9,2006-08-29 18:00:00,40,LOW_INTENSITY
314,1394,3,24.7,-80.4,2006-08-30 00:00:00,40,LOW_INTENSITY
315,1394,3,25.3,-80.8,2006-08-30 06:00:00,40,LOW_INTENSITY
316,1394,3,26.1,-81.0,2006-08-30 12:00:00,35,LOW_INTENSITY
317,1394,3,27.0,-80.9,2006-08-30 18:00:00,35,LOW_INTENSITY
318,1394,3,28.1,-80.7,2006-08-31 00:00:00,35,LOW_INTENSITY
319,1394,3,29.4,-80.4,2006-08-31 06:00:00,45,LOW_INTENSITY
320,1394,3,30.6,-79.9,2006-08-31 12:00:00,55,LOW_INTENSITY
321,1394,3,31.9,-79.2,2006-08-31 18:00:00,60,LOW_INTENSITY
322,1394,3,33.2,-78.4,2006-09-01 00:00:00,60,LOW_INTENSITY
323,1394,3,34.5,-78.0,2006-09-01 06:00:00,50,LOW_INTENSITY
324,1394,3,35.8,-77.6,2006-09-01 12:00:00,30,LOW_INTENSITY
325,1394,3,36.6,-77.2,2006-09-01 18:00:00,40,LOW_INTENSITY
326,1394,3,37.1,-77.0,2006-09-02 00:00:00,40,LOW_INTENSITY
327,1394,3,37.6,-76.8,2006-09-02 06:00:00,40,LOW_INTENSITY
328,1394,3,38.2,-76.7,2006-09-02 12:00:00,40,LOW_INTENSITY
329,1394,3,38.9,-76.7,2006-09-02 18:00:00,40,LOW_INTENSITY
330,1394,3,39.9,-76.7,2006-09-03 00:00:00,35,LOW_INTENSITY
331,1394,3,41.3,-77.1,2006-09-03 06:00:00,25,LOW_INTENSITY
332,1394,3,43.1,-77.5,2006-09-03 12:00:00,20,LOW_INTENSITY
336,1395,1,14.1,-39.4,2006-09-03 18:00:00,30,LOW_INTENSITY
337,1395,1,14.7,-40.0,2006-09-04 00:00:00,30,LOW_INTENSITY
335,1394,3,46.5,-74.4,2006-09-04 06:00:00,20,LOW_INTENSITY
339,1395,1,16.0,-42.3,2006-09-04 12:00:00,30,LOW_INTENSITY
340,1395,1,16.4,-43.5,2006-09-04 18:00:00,30,LOW_INTENSITY
341,1395,1,16.6,-44.8,2006-09-05 00:00:00,30,LOW_INTENSITY
342,1395,1,16.8,-46.1,2006-09-05 06:00:00,35,LOW_INTENSITY
343,1395,1,17.0,-46.9,2006-09-05 12:00:00,35,LOW_INTENSITY
344,1395,1,17.3,-47.8,2006-09-05 18:00:00,40,LOW_INTENSITY
345,1395,1,17.6,-48.6,2006-09-06 00:00:00,40,LOW_INTENSITY
346,1395,1,18.1,-49.7,2006-09-06 06:00:00,40,LOW_INTENSITY
347,1395,1,18.5,-50.6,2006-09-06 12:00:00,45,LOW_INTENSITY
348,1395,1,19.0,-51.3,2006-09-06 18:00:00,45,LOW_INTENSITY
349,1395,1,19.3,-51.9,2006-09-07 00:00:00,45,LOW_INTENSITY
350,1395,1,19.6,-52.6,2006-09-07 06:00:00,45,LOW_INTENSITY
351,1395,1,19.9,-53.3,2006-09-07 12:00:00,40,LOW_INTENSITY
352,1395,1,20.3,-54.3,2006-09-07 18:00:00,40,LOW_INTENSITY
353,1395,1,20.9,-55.7,2006-09-08 00:00:00,40,LOW_INTENSITY
354,1395,1,21.5,-57.1,2006-09-08 06:00:00,40,LOW_INTENSITY
355,1395,1,21.7,-58.8,2006-09-08 12:00:00,40,LOW_INTENSITY
356,1395,1,21.9,-60.1,2006-09-08 18:00:00,45,LOW_INTENSITY
357,1395,1,22.7,-61.0,2006-09-09 00:00:00,50,LOW_INTENSITY
358,1395,1,23.8,-62.3,2006-09-09 06:00:00,50,LOW_INTENSITY
359,1395,1,24.4,-63.2,2006-09-09 12:00:00,50,LOW_INTENSITY
360,1395,1,25.1,-64.0,2006-09-09 18:00:00,50,LOW_INTENSITY
361,1395,1,26.2,-64.6,2006-09-10 00:00:00,60,LOW_INTENSITY
362,1395,2,27.1,-65.3,2006-09-10 06:00:00,70,HIGH_INTENSITY
363,1395,2,28.1,-65.9,2006-09-10 12:00:00,75,HIGH_INTENSITY
398,1396,1,20.2,-53.8,2006-09-10 18:00:00,25,LOW_INTENSITY
365,1395,2,30.4,-66.2,2006-09-11 00:00:00,80,HIGH_INTENSITY
366,1395,2,31.3,-66.2,2006-09-11 06:00:00,70,HIGH_INTENSITY
367,1395,2,32.4,-65.7,2006-09-11 12:00:00,75,HIGH_INTENSITY
402,1396,1,21.4,-57.1,2006-09-11 18:00:00,40,LOW_INTENSITY
369,1395,2,34.9,-64.1,2006-09-12 00:00:00,70,HIGH_INTENSITY
404,1396,1,22.3,-58.0,2006-09-12 06:00:00,50,LOW_INTENSITY
371,1395,2,37.4,-61.9,2006-09-12 12:00:00,65,HIGH_INTENSITY
372,1395,2,38.5,-60.2,2006-09-12 18:00:00,65,HIGH_INTENSITY
373,1395,2,40.6,-57.9,2006-09-13 00:00:00,70,HIGH_INTENSITY
408,1396,2,24.7,-58.0,2006-09-13 06:00:00,70,HIGH_INTENSITY
409,1396,2,25.6,-57.9,2006-09-13 12:00:00,80,HIGH_INTENSITY
460,1397,1,12.5,-30.0,2006-09-13 18:00:00,30,LOW_INTENSITY
411,1396,2,27.3,-57.4,2006-09-14 00:00:00,105,HIGH_INTENSITY
378,1395,3,48.6,-48.3,2006-09-14 06:00:00,60,LOW_INTENSITY
379,1395,3,49.2,-45.2,2006-09-14 12:00:00,55,LOW_INTENSITY
464,1397,1,14.0,-37.0,2006-09-14 18:00:00,40,LOW_INTENSITY
465,1397,1,14.4,-38.3,2006-09-15 00:00:00,40,LOW_INTENSITY
382,1395,3,49.7,-35.8,2006-09-15 06:00:00,45,LOW_INTENSITY
467,1397,1,15.5,-40.8,2006-09-15 12:00:00,50,LOW_INTENSITY
468,1397,1,16.2,-42.1,2006-09-15 18:00:00,55,LOW_INTENSITY
469,1397,1,17.0,-43.3,2006-09-16 00:00:00,60,LOW_INTENSITY
386,1395,3,52.5,-21.0,2006-09-16 06:00:00,40,LOW_INTENSITY
387,1395,3,54.6,-20.5,2006-09-16 12:00:00,40,LOW_INTENSITY
472,1397,2,18.9,-46.2,2006-09-16 18:00:00,65,HIGH_INTENSITY
389,1395,3,58.2,-20.5,2006-09-17 00:00:00,40,LOW_INTENSITY
390,1395,3,59.6,-20.6,2006-09-17 06:00:00,40,LOW_INTENSITY
475,1397,2,20.3,-48.4,2006-09-17 12:00:00,80,HIGH_INTENSITY
476,1397,2,20.8,-48.8,2006-09-17 18:00:00,90,HIGH_INTENSITY
393,1395,3,62.6,-24.5,2006-09-18 00:00:00,50,LOW_INTENSITY
428,1396,2,36.1,-50.6,2006-09-18 06:00:00,75,HIGH_INTENSITY
479,1397,2,22.7,-49.7,2006-09-18 12:00:00,105,HIGH_INTENSITY
396,1395,3,63.0,-31.4,2006-09-18 18:00:00,50,LOW_INTENSITY
481,1397,2,24.0,-51.0,2006-09-19 00:00:00,95,HIGH_INTENSITY
482,1397,2,24.3,-51.7,2006-09-19 06:00:00,95,HIGH_INTENSITY
483,1397,2,24.4,-52.5,2006-09-19 12:00:00,95,HIGH_INTENSITY
434,1396,2,37.8,-33.5,2006-09-19 18:00:00,75,HIGH_INTENSITY
435,1396,2,37.7,-29.9,2006-09-20 00:00:00,70,HIGH_INTENSITY
486,1397,2,24.9,-55.2,2006-09-20 06:00:00,90,HIGH_INTENSITY
487,1397,2,25.4,-56.0,2006-09-20 12:00:00,90,HIGH_INTENSITY
488,1397,2,25.9,-56.7,2006-09-20 18:00:00,80,HIGH_INTENSITY
489,1397,2,26.8,-57.0,2006-09-21 00:00:00,80,HIGH_INTENSITY
490,1397,2,27.8,-57.0,2006-09-21 06:00:00,75,HIGH_INTENSITY
491,1397,2,29.0,-57.0,2006-09-21 12:00:00,75,HIGH_INTENSITY
492,1397,2,30.2,-57.0,2006-09-21 18:00:00,75,HIGH_INTENSITY
493,1397,2,31.4,-56.6,2006-09-22 00:00:00,75,HIGH_INTENSITY
444,1396,4,57.0,-14.0,2006-09-22 06:00:00,65,HIGH_INTENSITY
495,1397,2,33.6,-55.1,2006-09-22 12:00:00,70,HIGH_INTENSITY
446,1396,5,56.0,-19.5,2006-09-22 18:00:00,45,LOW_INTENSITY
497,1397,2,35.7,-51.7,2006-09-23 00:00:00,75,HIGH_INTENSITY
498,1397,2,36.4,-49.6,2006-09-23 06:00:00,80,HIGH_INTENSITY
499,1397,2,37.1,-47.5,2006-09-23 12:00:00,80,HIGH_INTENSITY
450,1396,5,49.0,-14.5,2006-09-23 18:00:00,35,LOW_INTENSITY
451,1396,5,48.0,-10.0,2006-09-24 00:00:00,30,LOW_INTENSITY
452,1396,5,48.5,-8.5,2006-09-24 06:00:00,30,LOW_INTENSITY
503,1397,2,40.6,-38.2,2006-09-24 12:00:00,65,HIGH_INTENSITY
504,1397,2,42.0,-35.9,2006-09-24 18:00:00,65,HIGH_INTENSITY
505,1397,2,43.2,-34.7,2006-09-25 00:00:00,65,HIGH_INTENSITY
506,1397,2,44.1,-33.3,2006-09-25 06:00:00,65,HIGH_INTENSITY
507,1397,3,44.7,-31.7,2006-09-25 12:00:00,60,LOW_INTENSITY
508,1397,3,44.9,-29.8,2006-09-25 18:00:00,55,LOW_INTENSITY
509,1397,3,45.0,-27.6,2006-09-26 00:00:00,50,LOW_INTENSITY
510,1397,3,45.5,-25.2,2006-09-26 06:00:00,50,LOW_INTENSITY
511,1397,3,46.0,-22.7,2006-09-26 12:00:00,50,LOW_INTENSITY
512,1397,3,47.2,-20.1,2006-09-26 18:00:00,45,LOW_INTENSITY
513,1397,3,49.0,-17.0,2006-09-27 00:00:00,45,LOW_INTENSITY
514,1397,3,51.3,-13.3,2006-09-27 06:00:00,45,LOW_INTENSITY
515,1397,3,53.9,-10.1,2006-09-27 12:00:00,40,LOW_INTENSITY
516,1397,3,56.3,-7.6,2006-09-27 18:00:00,40,LOW_INTENSITY
518,1398,1,26.8,-53.4,2006-09-28 00:00:00,30,LOW_INTENSITY
519,1398,1,27.4,-54.0,2006-09-28 06:00:00,35,LOW_INTENSITY
520,1398,1,28.0,-54.4,2006-09-28 12:00:00,40,LOW_INTENSITY
521,1398,1,28.6,-54.6,2006-09-28 18:00:00,40,LOW_INTENSITY
522,1398,1,28.9,-54.9,2006-09-29 00:00:00,40,LOW_INTENSITY
523,1398,1,29.0,-55.4,2006-09-29 06:00:00,40,LOW_INTENSITY
524,1398,1,29.2,-55.8,2006-09-29 12:00:00,45,LOW_INTENSITY
525,1398,1,29.5,-56.5,2006-09-29 18:00:00,50,LOW_INTENSITY
526,1398,1,29.8,-57.1,2006-09-30 00:00:00,60,LOW_INTENSITY
527,1398,1,30.1,-57.7,2006-09-30 06:00:00,60,LOW_INTENSITY
528,1398,2,30.6,-58.5,2006-09-30 12:00:00,65,HIGH_INTENSITY
529,1398,2,31.3,-59.2,2006-09-30 18:00:00,70,HIGH_INTENSITY
530,1398,2,32.0,-59.8,2006-10-01 00:00:00,75,HIGH_INTENSITY
531,1398,2,32.8,-60.2,2006-10-01 06:00:00,75,HIGH_INTENSITY
532,1398,2,33.8,-60.3,2006-10-01 12:00:00,70,HIGH_INTENSITY
533,1398,2,35.2,-60.3,2006-10-01 18:00:00,70,HIGH_INTENSITY
534,1398,2,37.2,-59.6,2006-10-02 00:00:00,65,HIGH_INTENSITY
535,1398,2,39.8,-58.0,2006-10-02 06:00:00,65,HIGH_INTENSITY
536,1398,3,42.5,-56.2,2006-10-02 12:00:00,60,LOW_INTENSITY
537,1398,3,45.5,-53.7,2006-10-02 18:00:00,55,LOW_INTENSITY
538,1398,3,47.6,-51.0,2006-10-03 00:00:00,55,LOW_INTENSITY
539,1398,3,48.6,-49.0,2006-10-03 06:00:00,45,LOW_INTENSITY
540,1398,3,49.5,-47.0,2006-10-03 12:00:00,35,LOW_INTENSITY
541,1399,1,35.5,-74.0,2007-05-06 12:00:00,35,LOW_INTENSITY
542,1399,1,35.0,-73.0,2007-05-06 18:00:00,40,LOW_INTENSITY
543,1399,1,34.3,-71.7,2007-05-07 00:00:00,50,LOW_INTENSITY
544,1399,2,33.3,-72.3,2007-05-07 06:00:00,65,HIGH_INTENSITY
545,1399,2,32.3,-73.1,2007-05-07 12:00:00,65,HIGH_INTENSITY
546,1399,2,31.5,-74.0,2007-05-07 18:00:00,65,HIGH_INTENSITY
547,1399,3,31.0,-74.9,2007-05-08 00:00:00,55,LOW_INTENSITY
548,1399,3,30.7,-76.0,2007-05-08 06:00:00,50,LOW_INTENSITY
549,1399,3,30.4,-77.2,2007-05-08 12:00:00,50,LOW_INTENSITY
550,1399,3,30.4,-77.9,2007-05-08 18:00:00,50,LOW_INTENSITY
551,1399,3,30.6,-78.3,2007-05-09 00:00:00,50,LOW_INTENSITY
552,1399,3,30.8,-78.7,2007-05-09 06:00:00,50,LOW_INTENSITY
553,1399,3,30.9,-79.2,2007-05-09 12:00:00,45,LOW_INTENSITY
554,1399,3,30.9,-79.6,2007-05-09 18:00:00,40,LOW_INTENSITY
555,1399,3,30.7,-79.8,2007-05-10 00:00:00,40,LOW_INTENSITY
556,1399,3,30.5,-79.9,2007-05-10 06:00:00,35,LOW_INTENSITY
557,1399,3,30.1,-79.9,2007-05-10 12:00:00,30,LOW_INTENSITY
558,1399,3,29.7,-79.8,2007-05-10 18:00:00,30,LOW_INTENSITY
559,1399,3,29.4,-79.8,2007-05-11 00:00:00,30,LOW_INTENSITY
560,1399,3,29.1,-79.8,2007-05-11 06:00:00,30,LOW_INTENSITY
561,1399,3,28.8,-79.7,2007-05-11 12:00:00,25,LOW_INTENSITY
562,1399,3,28.5,-79.5,2007-05-11 18:00:00,25,LOW_INTENSITY
563,1399,3,28.5,-79.1,2007-05-12 00:00:00,25,LOW_INTENSITY
564,1399,3,28.8,-78.8,2007-05-12 06:00:00,25,LOW_INTENSITY
565,1399,3,29.1,-78.5,2007-05-12 12:00:00,25,LOW_INTENSITY
566,1399,3,29.4,-78.0,2007-05-12 18:00:00,25,LOW_INTENSITY
567,1399,3,29.7,-77.2,2007-05-13 00:00:00,25,LOW_INTENSITY
568,1399,3,30.1,-76.0,2007-05-13 06:00:00,25,LOW_INTENSITY
569,1399,3,30.8,-74.2,2007-05-13 12:00:00,25,LOW_INTENSITY
570,1399,3,31.4,-71.9,2007-05-13 18:00:00,25,LOW_INTENSITY
571,1399,3,31.8,-69.4,2007-05-14 00:00:00,25,LOW_INTENSITY
572,1402,1,12.2,-28.9,2007-08-13 06:00:00,30,LOW_INTENSITY
573,1402,1,12.1,-30.7,2007-08-13 12:00:00,30,LOW_INTENSITY
574,1402,1,12.0,-32.4,2007-08-13 18:00:00,30,LOW_INTENSITY
575,1402,1,11.9,-34.5,2007-08-14 00:00:00,30,LOW_INTENSITY
576,1402,1,11.8,-36.5,2007-08-14 06:00:00,30,LOW_INTENSITY
577,1402,1,11.8,-38.3,2007-08-14 12:00:00,35,LOW_INTENSITY
578,1402,1,11.8,-40.1,2007-08-14 18:00:00,40,LOW_INTENSITY
579,1402,1,11.9,-41.7,2007-08-15 00:00:00,50,LOW_INTENSITY
580,1402,1,12.0,-43.4,2007-08-15 06:00:00,50,LOW_INTENSITY
581,1402,1,12.3,-45.1,2007-08-15 12:00:00,50,LOW_INTENSITY
582,1402,1,12.8,-47.0,2007-08-15 18:00:00,55,LOW_INTENSITY
583,1402,1,13.0,-49.2,2007-08-16 00:00:00,60,LOW_INTENSITY
584,1402,2,13.2,-51.3,2007-08-16 06:00:00,70,HIGH_INTENSITY
585,1402,2,13.5,-53.3,2007-08-16 12:00:00,80,HIGH_INTENSITY
586,1402,2,13.8,-55.5,2007-08-16 18:00:00,80,HIGH_INTENSITY
587,1402,2,14.0,-57.7,2007-08-17 00:00:00,80,HIGH_INTENSITY
588,1402,2,14.2,-59.8,2007-08-17 06:00:00,80,HIGH_INTENSITY
589,1402,2,14.4,-61.7,2007-08-17 12:00:00,90,HIGH_INTENSITY
590,1402,2,14.8,-63.5,2007-08-17 18:00:00,110,HIGH_INTENSITY
591,1402,2,14.9,-65.1,2007-08-18 00:00:00,125,HIGH_INTENSITY
592,1402,2,15.0,-66.6,2007-08-18 06:00:00,145,HIGH_INTENSITY
593,1402,2,15.4,-68.0,2007-08-18 12:00:00,145,HIGH_INTENSITY
594,1402,2,15.9,-69.5,2007-08-18 18:00:00,130,HIGH_INTENSITY
595,1402,2,16.1,-71.0,2007-08-19 00:00:00,120,HIGH_INTENSITY
596,1402,2,16.4,-72.6,2007-08-19 06:00:00,120,HIGH_INTENSITY
597,1402,2,16.8,-74.3,2007-08-19 12:00:00,125,HIGH_INTENSITY
598,1402,2,17.1,-76.0,2007-08-19 18:00:00,125,HIGH_INTENSITY
599,1402,2,17.5,-77.8,2007-08-20 00:00:00,125,HIGH_INTENSITY
600,1402,2,17.6,-79.8,2007-08-20 06:00:00,130,HIGH_INTENSITY
601,1402,2,17.8,-81.5,2007-08-20 12:00:00,130,HIGH_INTENSITY
602,1402,2,18.0,-83.3,2007-08-20 18:00:00,135,HIGH_INTENSITY
603,1402,2,18.2,-85.1,2007-08-21 00:00:00,145,HIGH_INTENSITY
604,1402,2,18.6,-86.9,2007-08-21 06:00:00,150,HIGH_INTENSITY
605,1402,2,18.9,-88.7,2007-08-21 12:00:00,110,HIGH_INTENSITY
606,1402,2,19.2,-90.5,2007-08-21 18:00:00,75,HIGH_INTENSITY
607,1402,2,19.7,-92.2,2007-08-22 00:00:00,65,HIGH_INTENSITY
608,1402,2,20.1,-94.0,2007-08-22 06:00:00,70,HIGH_INTENSITY
609,1402,2,20.5,-95.5,2007-08-22 12:00:00,80,HIGH_INTENSITY
610,1402,2,20.5,-97.3,2007-08-22 18:00:00,75,HIGH_INTENSITY
611,1402,3,20.5,-99.0,2007-08-23 00:00:00,30,LOW_INTENSITY
612,1404,1,11.5,-56.6,2007-08-31 12:00:00,25,LOW_INTENSITY
613,1404,1,11.5,-58.0,2007-08-31 18:00:00,30,LOW_INTENSITY
614,1404,1,12.1,-59.4,2007-09-01 00:00:00,35,LOW_INTENSITY
615,1404,1,12.1,-61.1,2007-09-01 06:00:00,40,LOW_INTENSITY
616,1404,1,12.2,-62.8,2007-09-01 12:00:00,50,LOW_INTENSITY
617,1404,1,12.4,-64.5,2007-09-01 18:00:00,60,LOW_INTENSITY
618,1404,2,12.6,-66.1,2007-09-02 00:00:00,65,HIGH_INTENSITY
619,1404,2,12.7,-67.8,2007-09-02 06:00:00,85,HIGH_INTENSITY
620,1404,2,13.0,-69.4,2007-09-02 12:00:00,90,HIGH_INTENSITY
621,1404,2,13.4,-71.1,2007-09-02 18:00:00,115,HIGH_INTENSITY
622,1404,2,13.8,-73.0,2007-09-03 00:00:00,150,HIGH_INTENSITY
623,1404,2,14.0,-75.0,2007-09-03 06:00:00,150,HIGH_INTENSITY
624,1404,2,14.2,-76.9,2007-09-03 12:00:00,140,HIGH_INTENSITY
625,1404,2,14.3,-78.7,2007-09-03 18:00:00,115,HIGH_INTENSITY
626,1404,2,14.4,-80.4,2007-09-04 00:00:00,115,HIGH_INTENSITY
627,1404,2,14.3,-81.9,2007-09-04 06:00:00,135,HIGH_INTENSITY
628,1404,2,14.3,-83.2,2007-09-04 12:00:00,140,HIGH_INTENSITY
629,1404,2,14.3,-84.4,2007-09-04 18:00:00,85,HIGH_INTENSITY
630,1404,3,14.6,-85.4,2007-09-05 00:00:00,50,LOW_INTENSITY
631,1404,3,15.0,-86.4,2007-09-05 06:00:00,25,LOW_INTENSITY
632,1404,3,15.5,-87.3,2007-09-05 12:00:00,20,LOW_INTENSITY
633,1404,3,16.1,-88.3,2007-09-05 18:00:00,20,LOW_INTENSITY
634,1404,3,16.5,-89.5,2007-09-06 00:00:00,20,LOW_INTENSITY
635,1404,3,16.7,-90.8,2007-09-06 06:00:00,20,LOW_INTENSITY
636,1404,3,17.2,-92.4,2007-09-06 12:00:00,20,LOW_INTENSITY
637,1404,3,17.7,-93.8,2007-09-06 18:00:00,15,LOW_INTENSITY
638,1406,1,27.3,-95.0,2007-09-12 06:00:00,25,LOW_INTENSITY
639,1406,1,27.8,-95.1,2007-09-12 12:00:00,35,LOW_INTENSITY
640,1406,1,28.3,-95.0,2007-09-12 18:00:00,45,LOW_INTENSITY
641,1406,1,28.8,-94.8,2007-09-13 00:00:00,55,LOW_INTENSITY
642,1406,2,29.5,-94.4,2007-09-13 06:00:00,80,HIGH_INTENSITY
643,1406,2,30.3,-93.6,2007-09-13 12:00:00,65,HIGH_INTENSITY
644,1406,3,31.0,-92.9,2007-09-13 18:00:00,35,LOW_INTENSITY
645,1406,3,31.7,-92.3,2007-09-14 00:00:00,25,LOW_INTENSITY
646,1406,3,32.4,-91.3,2007-09-14 06:00:00,20,LOW_INTENSITY
647,1406,3,32.7,-90.2,2007-09-14 12:00:00,20,LOW_INTENSITY
648,1409,1,10.0,-35.9,2007-09-25 00:00:00,30,LOW_INTENSITY
649,1409,1,10.3,-37.0,2007-09-25 06:00:00,35,LOW_INTENSITY
650,1409,1,10.6,-38.0,2007-09-25 12:00:00,35,LOW_INTENSITY
667,1410,1,21.8,-94.8,2007-09-25 18:00:00,25,LOW_INTENSITY
652,1409,1,10.9,-40.4,2007-09-26 00:00:00,40,LOW_INTENSITY
653,1409,1,11.2,-41.5,2007-09-26 06:00:00,50,LOW_INTENSITY
654,1409,2,11.7,-42.4,2007-09-26 12:00:00,65,HIGH_INTENSITY
655,1409,2,12.3,-43.3,2007-09-26 18:00:00,65,HIGH_INTENSITY
656,1409,3,12.8,-44.6,2007-09-27 00:00:00,60,LOW_INTENSITY
657,1409,3,13.2,-45.7,2007-09-27 06:00:00,55,LOW_INTENSITY
658,1409,3,13.5,-46.8,2007-09-27 12:00:00,55,LOW_INTENSITY
675,1410,1,20.5,-95.7,2007-09-27 18:00:00,60,LOW_INTENSITY
660,1409,3,14.1,-48.8,2007-09-28 00:00:00,50,LOW_INTENSITY
661,1409,3,14.3,-49.0,2007-09-28 06:00:00,40,LOW_INTENSITY
662,1409,3,14.6,-49.0,2007-09-28 12:00:00,35,LOW_INTENSITY
679,1410,3,20.7,-98.7,2007-09-28 18:00:00,20,LOW_INTENSITY
664,1409,3,16.1,-51.0,2007-09-29 00:00:00,35,LOW_INTENSITY
665,1409,3,16.3,-52.6,2007-09-29 06:00:00,30,LOW_INTENSITY
666,1409,3,16.8,-54.2,2007-09-29 12:00:00,30,LOW_INTENSITY
680,1412,1,18.0,-60.2,2007-10-24 00:00:00,20,LOW_INTENSITY
681,1412,1,18.0,-60.7,2007-10-24 06:00:00,25,LOW_INTENSITY
682,1412,1,18.1,-61.2,2007-10-24 12:00:00,25,LOW_INTENSITY
683,1412,1,18.4,-61.7,2007-10-24 18:00:00,25,LOW_INTENSITY
684,1412,1,18.8,-62.3,2007-10-25 00:00:00,25,LOW_INTENSITY
685,1412,1,19.1,-62.9,2007-10-25 06:00:00,25,LOW_INTENSITY
686,1412,1,19.2,-63.5,2007-10-25 12:00:00,25,LOW_INTENSITY
687,1412,1,19.1,-64.1,2007-10-25 18:00:00,25,LOW_INTENSITY
688,1412,1,18.8,-64.8,2007-10-26 00:00:00,25,LOW_INTENSITY
689,1412,1,18.0,-65.7,2007-10-26 06:00:00,25,LOW_INTENSITY
690,1412,1,17.2,-66.7,2007-10-26 12:00:00,25,LOW_INTENSITY
691,1412,1,16.5,-67.7,2007-10-26 18:00:00,25,LOW_INTENSITY
692,1412,1,16.1,-68.5,2007-10-27 00:00:00,25,LOW_INTENSITY
693,1412,1,15.7,-69.3,2007-10-27 06:00:00,25,LOW_INTENSITY
694,1412,1,15.3,-70.1,2007-10-27 12:00:00,25,LOW_INTENSITY
695,1412,1,15.4,-71.0,2007-10-27 18:00:00,25,LOW_INTENSITY
696,1412,1,15.7,-71.2,2007-10-28 00:00:00,30,LOW_INTENSITY
697,1412,1,16.0,-71.4,2007-10-28 06:00:00,30,LOW_INTENSITY
698,1412,1,16.3,-71.6,2007-10-28 12:00:00,40,LOW_INTENSITY
699,1412,1,16.6,-71.8,2007-10-28 18:00:00,50,LOW_INTENSITY
700,1412,1,17.1,-72.1,2007-10-29 00:00:00,50,LOW_INTENSITY
701,1412,1,18.0,-72.4,2007-10-29 06:00:00,45,LOW_INTENSITY
702,1412,1,19.2,-72.9,2007-10-29 12:00:00,40,LOW_INTENSITY
703,1412,1,20.2,-73.6,2007-10-29 18:00:00,45,LOW_INTENSITY
704,1412,1,21.0,-74.6,2007-10-30 00:00:00,45,LOW_INTENSITY
705,1412,1,21.1,-75.8,2007-10-30 06:00:00,50,LOW_INTENSITY
706,1412,1,20.8,-76.8,2007-10-30 12:00:00,40,LOW_INTENSITY
707,1412,1,20.8,-77.4,2007-10-30 18:00:00,35,LOW_INTENSITY
708,1412,1,21.2,-77.8,2007-10-31 00:00:00,35,LOW_INTENSITY
709,1412,1,21.8,-78.1,2007-10-31 06:00:00,35,LOW_INTENSITY
710,1412,1,22.5,-78.3,2007-10-31 12:00:00,45,LOW_INTENSITY
711,1412,1,22.6,-78.8,2007-10-31 18:00:00,45,LOW_INTENSITY
712,1412,1,22.9,-78.6,2007-11-01 00:00:00,50,LOW_INTENSITY
713,1412,1,23.4,-78.3,2007-11-01 06:00:00,50,LOW_INTENSITY
714,1412,1,23.9,-78.0,2007-11-01 12:00:00,50,LOW_INTENSITY
715,1412,1,25.1,-77.3,2007-11-01 18:00:00,55,LOW_INTENSITY
716,1412,2,26.4,-76.5,2007-11-02 00:00:00,70,HIGH_INTENSITY
717,1412,2,27.7,-75.6,2007-11-02 06:00:00,70,HIGH_INTENSITY
718,1412,2,28.7,-74.4,2007-11-02 12:00:00,70,HIGH_INTENSITY
719,1412,2,30.3,-73.3,2007-11-02 18:00:00,70,HIGH_INTENSITY
720,1412,2,32.3,-72.4,2007-11-03 00:00:00,70,HIGH_INTENSITY
721,1412,2,34.3,-71.7,2007-11-03 06:00:00,70,HIGH_INTENSITY
722,1412,2,36.4,-70.9,2007-11-03 12:00:00,75,HIGH_INTENSITY
723,1412,2,38.8,-69.7,2007-11-03 18:00:00,75,HIGH_INTENSITY
724,1412,2,41.1,-68.2,2007-11-04 00:00:00,70,HIGH_INTENSITY
725,1412,2,43.6,-66.2,2007-11-04 06:00:00,65,HIGH_INTENSITY
726,1412,3,47.5,-64.3,2007-11-04 12:00:00,60,LOW_INTENSITY
727,1412,3,51.2,-62.2,2007-11-04 18:00:00,60,LOW_INTENSITY
728,1412,3,54.8,-59.6,2007-11-05 00:00:00,60,LOW_INTENSITY
729,1412,3,57.9,-57.6,2007-11-05 06:00:00,55,LOW_INTENSITY
730,1412,3,60.4,-55.4,2007-11-05 12:00:00,55,LOW_INTENSITY
731,1412,3,62.3,-53.3,2007-11-05 18:00:00,55,LOW_INTENSITY
732,1412,3,64.2,-50.4,2007-11-06 00:00:00,45,LOW_INTENSITY
733,1415,1,12.7,-22.9,2008-07-03 06:00:00,30,LOW_INTENSITY
734,1415,1,13.1,-24.0,2008-07-03 12:00:00,35,LOW_INTENSITY
735,1415,1,13.2,-25.2,2008-07-03 18:00:00,35,LOW_INTENSITY
736,1415,1,13.4,-26.5,2008-07-04 00:00:00,40,LOW_INTENSITY
737,1415,1,14.0,-27.8,2008-07-04 06:00:00,40,LOW_INTENSITY
738,1415,1,14.8,-29.2,2008-07-04 12:00:00,45,LOW_INTENSITY
739,1415,1,15.4,-30.8,2008-07-04 18:00:00,45,LOW_INTENSITY
740,1415,1,15.8,-32.6,2008-07-05 00:00:00,45,LOW_INTENSITY
741,1415,1,16.3,-34.4,2008-07-05 06:00:00,45,LOW_INTENSITY
742,1415,1,16.4,-36.4,2008-07-05 12:00:00,45,LOW_INTENSITY
743,1415,1,16.6,-38.4,2008-07-05 18:00:00,45,LOW_INTENSITY
744,1415,1,16.8,-40.3,2008-07-06 00:00:00,45,LOW_INTENSITY
745,1415,1,17.0,-42.3,2008-07-06 06:00:00,45,LOW_INTENSITY
746,1415,1,17.6,-44.3,2008-07-06 12:00:00,45,LOW_INTENSITY
747,1415,1,18.4,-46.2,2008-07-06 18:00:00,45,LOW_INTENSITY
748,1415,1,18.8,-47.9,2008-07-07 00:00:00,55,LOW_INTENSITY
749,1415,2,19.1,-49.4,2008-07-07 06:00:00,65,HIGH_INTENSITY
750,1415,2,19.4,-50.7,2008-07-07 12:00:00,80,HIGH_INTENSITY
751,1415,2,19.9,-51.6,2008-07-07 18:00:00,100,HIGH_INTENSITY
752,1415,2,20.6,-52.2,2008-07-08 00:00:00,105,HIGH_INTENSITY
753,1415,2,21.1,-52.9,2008-07-08 06:00:00,105,HIGH_INTENSITY
754,1415,2,21.8,-53.5,2008-07-08 12:00:00,90,HIGH_INTENSITY
755,1415,2,22.4,-54.4,2008-07-08 18:00:00,75,HIGH_INTENSITY
756,1415,2,22.7,-55.2,2008-07-09 00:00:00,70,HIGH_INTENSITY
757,1415,2,23.2,-56.1,2008-07-09 06:00:00,65,HIGH_INTENSITY
758,1415,2,23.8,-57.0,2008-07-09 12:00:00,65,HIGH_INTENSITY
759,1415,2,24.5,-57.8,2008-07-09 18:00:00,85,HIGH_INTENSITY
760,1415,2,25.2,-58.6,2008-07-10 00:00:00,90,HIGH_INTENSITY
761,1415,2,25.7,-59.1,2008-07-10 06:00:00,90,HIGH_INTENSITY
762,1415,2,26.3,-59.8,2008-07-10 12:00:00,80,HIGH_INTENSITY
763,1415,2,26.9,-60.5,2008-07-10 18:00:00,75,HIGH_INTENSITY
764,1415,2,27.4,-61.0,2008-07-11 00:00:00,75,HIGH_INTENSITY
765,1415,2,27.8,-61.5,2008-07-11 06:00:00,75,HIGH_INTENSITY
766,1415,2,28.3,-61.8,2008-07-11 12:00:00,75,HIGH_INTENSITY
767,1415,2,28.8,-62.1,2008-07-11 18:00:00,80,HIGH_INTENSITY
768,1415,2,29.3,-62.3,2008-07-12 00:00:00,80,HIGH_INTENSITY
769,1415,2,29.5,-62.5,2008-07-12 06:00:00,80,HIGH_INTENSITY
770,1415,2,29.7,-62.5,2008-07-12 12:00:00,75,HIGH_INTENSITY
771,1415,2,29.9,-62.5,2008-07-12 18:00:00,65,HIGH_INTENSITY
772,1415,2,29.9,-62.4,2008-07-13 00:00:00,65,HIGH_INTENSITY
773,1415,2,29.8,-62.5,2008-07-13 06:00:00,65,HIGH_INTENSITY
774,1415,3,29.9,-62.7,2008-07-13 12:00:00,60,LOW_INTENSITY
775,1415,3,30.1,-62.9,2008-07-13 18:00:00,55,LOW_INTENSITY
776,1415,3,30.5,-63.1,2008-07-14 00:00:00,55,LOW_INTENSITY
777,1415,3,31.0,-63.5,2008-07-14 06:00:00,55,LOW_INTENSITY
778,1415,3,31.6,-63.8,2008-07-14 12:00:00,55,LOW_INTENSITY
779,1415,3,32.5,-64.1,2008-07-14 18:00:00,60,LOW_INTENSITY
780,1415,3,33.5,-63.8,2008-07-15 00:00:00,60,LOW_INTENSITY
781,1415,3,34.3,-63.5,2008-07-15 06:00:00,60,LOW_INTENSITY
782,1415,3,35.3,-63.0,2008-07-15 12:00:00,60,LOW_INTENSITY
783,1415,3,36.2,-62.5,2008-07-15 18:00:00,60,LOW_INTENSITY
784,1415,3,36.7,-61.8,2008-07-16 00:00:00,60,LOW_INTENSITY
785,1415,3,36.8,-61.3,2008-07-16 06:00:00,60,LOW_INTENSITY
786,1415,3,36.8,-60.9,2008-07-16 12:00:00,60,LOW_INTENSITY
787,1415,3,36.3,-60.7,2008-07-16 18:00:00,60,LOW_INTENSITY
788,1415,3,35.7,-60.3,2008-07-17 00:00:00,55,LOW_INTENSITY
789,1415,3,34.9,-59.7,2008-07-17 06:00:00,50,LOW_INTENSITY
790,1415,3,34.3,-58.9,2008-07-17 12:00:00,50,LOW_INTENSITY
791,1415,3,33.9,-57.8,2008-07-17 18:00:00,50,LOW_INTENSITY
792,1415,3,33.7,-56.0,2008-07-18 00:00:00,50,LOW_INTENSITY
793,1415,3,34.4,-54.4,2008-07-18 06:00:00,55,LOW_INTENSITY
794,1415,3,35.5,-53.0,2008-07-18 12:00:00,55,LOW_INTENSITY
795,1415,4,36.9,-51.5,2008-07-18 18:00:00,65,HIGH_INTENSITY
796,1415,4,38.6,-49.7,2008-07-19 00:00:00,65,HIGH_INTENSITY
797,1415,4,40.4,-48.0,2008-07-19 06:00:00,65,HIGH_INTENSITY
798,1415,4,42.1,-46.3,2008-07-19 12:00:00,65,HIGH_INTENSITY
799,1415,4,43.7,-44.3,2008-07-19 18:00:00,65,HIGH_INTENSITY
800,1415,5,45.3,-42.4,2008-07-20 00:00:00,60,LOW_INTENSITY
801,1415,5,47.6,-40.0,2008-07-20 06:00:00,60,LOW_INTENSITY
806,1417,1,17.8,-83.6,2008-07-20 12:00:00,40,LOW_INTENSITY
803,1415,5,53.0,-34.0,2008-07-20 18:00:00,55,LOW_INTENSITY
808,1417,1,19.8,-85.8,2008-07-21 00:00:00,45,LOW_INTENSITY
805,1415,5,58.5,-27.0,2008-07-21 06:00:00,45,LOW_INTENSITY
810,1417,1,21.8,-88.8,2008-07-21 12:00:00,45,LOW_INTENSITY
811,1417,1,22.8,-90.4,2008-07-21 18:00:00,45,LOW_INTENSITY
812,1417,1,23.0,-92.0,2008-07-22 00:00:00,45,LOW_INTENSITY
813,1417,1,23.2,-93.3,2008-07-22 06:00:00,45,LOW_INTENSITY
814,1417,1,23.7,-94.1,2008-07-22 12:00:00,55,LOW_INTENSITY
815,1417,1,24.3,-94.9,2008-07-22 18:00:00,60,LOW_INTENSITY
816,1417,2,24.9,-95.7,2008-07-23 00:00:00,65,HIGH_INTENSITY
817,1417,2,25.4,-96.2,2008-07-23 06:00:00,70,HIGH_INTENSITY
818,1417,2,25.9,-96.7,2008-07-23 12:00:00,85,HIGH_INTENSITY
819,1417,2,26.4,-97.2,2008-07-23 18:00:00,75,HIGH_INTENSITY
820,1417,2,26.5,-97.8,2008-07-24 00:00:00,65,HIGH_INTENSITY
821,1417,3,26.7,-98.3,2008-07-24 06:00:00,55,LOW_INTENSITY
822,1417,3,27.2,-98.9,2008-07-24 12:00:00,45,LOW_INTENSITY
823,1420,1,13.5,-67.4,2008-08-25 00:00:00,25,LOW_INTENSITY
824,1420,1,14.4,-68.5,2008-08-25 06:00:00,30,LOW_INTENSITY
825,1420,1,15.1,-69.6,2008-08-25 12:00:00,35,LOW_INTENSITY
826,1420,1,15.8,-70.5,2008-08-25 18:00:00,50,LOW_INTENSITY
827,1420,1,16.4,-71.2,2008-08-26 00:00:00,60,LOW_INTENSITY
828,1420,2,16.9,-71.7,2008-08-26 06:00:00,75,HIGH_INTENSITY
829,1420,2,17.5,-72.1,2008-08-26 12:00:00,80,HIGH_INTENSITY
830,1420,2,18.1,-72.8,2008-08-26 18:00:00,70,HIGH_INTENSITY
831,1420,3,18.4,-73.1,2008-08-27 00:00:00,50,LOW_INTENSITY
832,1420,3,18.6,-73.4,2008-08-27 06:00:00,45,LOW_INTENSITY
833,1420,3,18.7,-73.7,2008-08-27 12:00:00,45,LOW_INTENSITY
834,1420,3,18.9,-74.0,2008-08-27 18:00:00,45,LOW_INTENSITY
870,1421,1,19.4,-57.3,2008-08-28 00:00:00,30,LOW_INTENSITY
871,1421,1,19.7,-57.8,2008-08-28 06:00:00,30,LOW_INTENSITY
872,1421,1,20.1,-58.6,2008-08-28 12:00:00,35,LOW_INTENSITY
838,1420,3,18.0,-76.2,2008-08-28 18:00:00,60,LOW_INTENSITY
839,1420,3,17.8,-77.0,2008-08-29 00:00:00,60,LOW_INTENSITY
840,1420,3,18.0,-77.7,2008-08-29 06:00:00,55,LOW_INTENSITY
841,1420,3,18.3,-78.4,2008-08-29 12:00:00,50,LOW_INTENSITY
877,1421,1,21.5,-63.4,2008-08-29 18:00:00,45,LOW_INTENSITY
878,1421,1,21.7,-64.5,2008-08-30 00:00:00,45,LOW_INTENSITY
844,1420,4,19.7,-80.8,2008-08-30 06:00:00,85,HIGH_INTENSITY
880,1421,1,21.9,-66.2,2008-08-30 12:00:00,45,LOW_INTENSITY
881,1421,1,22.2,-66.9,2008-08-30 18:00:00,45,LOW_INTENSITY
882,1421,1,22.6,-67.5,2008-08-31 00:00:00,50,LOW_INTENSITY
848,1420,4,23.6,-84.4,2008-08-31 06:00:00,105,HIGH_INTENSITY
884,1421,1,23.5,-69.8,2008-08-31 12:00:00,40,LOW_INTENSITY
885,1421,1,23.6,-71.0,2008-08-31 18:00:00,40,LOW_INTENSITY
851,1420,4,26.9,-87.7,2008-09-01 00:00:00,95,HIGH_INTENSITY
852,1420,4,27.9,-89.0,2008-09-01 06:00:00,95,HIGH_INTENSITY
853,1420,4,28.8,-90.3,2008-09-01 12:00:00,95,HIGH_INTENSITY
919,1422,1,17.5,-39.9,2008-09-01 18:00:00,45,LOW_INTENSITY
920,1422,1,17.8,-41.3,2008-09-02 00:00:00,45,LOW_INTENSITY
921,1422,1,18.2,-42.8,2008-09-02 06:00:00,45,LOW_INTENSITY
857,1420,5,32.1,-93.5,2008-09-02 12:00:00,30,LOW_INTENSITY
858,1420,5,32.7,-93.9,2008-09-02 18:00:00,20,LOW_INTENSITY
894,1421,3,20.4,-72.6,2008-09-03 00:00:00,55,LOW_INTENSITY
895,1421,3,20.2,-72.4,2008-09-03 06:00:00,50,LOW_INTENSITY
926,1422,1,20.6,-50.3,2008-09-03 12:00:00,60,LOW_INTENSITY
897,1421,3,21.6,-71.8,2008-09-03 18:00:00,50,LOW_INTENSITY
863,1420,5,34.3,-94.1,2008-09-04 00:00:00,15,LOW_INTENSITY
899,1421,3,23.4,-72.4,2008-09-04 06:00:00,60,LOW_INTENSITY
900,1421,3,24.1,-73.2,2008-09-04 12:00:00,55,LOW_INTENSITY
931,1422,2,23.4,-57.7,2008-09-04 18:00:00,115,HIGH_INTENSITY
932,1422,2,23.6,-59.0,2008-09-05 00:00:00,115,HIGH_INTENSITY
933,1422,2,23.6,-60.4,2008-09-05 06:00:00,115,HIGH_INTENSITY
934,1422,2,23.5,-61.9,2008-09-05 12:00:00,105,HIGH_INTENSITY
905,1421,3,29.9,-78.7,2008-09-05 18:00:00,60,LOW_INTENSITY
906,1421,3,31.5,-79.3,2008-09-06 00:00:00,60,LOW_INTENSITY
907,1421,3,33.4,-78.8,2008-09-06 06:00:00,60,LOW_INTENSITY
908,1421,3,35.7,-78.1,2008-09-06 12:00:00,45,LOW_INTENSITY
939,1422,2,21.5,-69.0,2008-09-06 18:00:00,115,HIGH_INTENSITY
940,1422,2,21.2,-70.3,2008-09-07 00:00:00,115,HIGH_INTENSITY
911,1421,3,41.9,-71.7,2008-09-07 06:00:00,45,LOW_INTENSITY
942,1422,2,21.0,-72.8,2008-09-07 12:00:00,110,HIGH_INTENSITY
913,1421,3,45.7,-63.7,2008-09-07 18:00:00,45,LOW_INTENSITY
914,1421,3,47.0,-59.1,2008-09-08 00:00:00,40,LOW_INTENSITY
945,1422,2,21.1,-76.5,2008-09-08 06:00:00,100,HIGH_INTENSITY
946,1422,2,21.1,-77.8,2008-09-08 12:00:00,85,HIGH_INTENSITY
947,1422,2,21.2,-79.1,2008-09-08 18:00:00,75,HIGH_INTENSITY
948,1422,2,21.5,-80.3,2008-09-09 00:00:00,70,HIGH_INTENSITY
949,1422,2,22.0,-81.4,2008-09-09 06:00:00,70,HIGH_INTENSITY
950,1422,2,22.4,-82.4,2008-09-09 12:00:00,70,HIGH_INTENSITY
951,1422,2,22.7,-83.3,2008-09-09 18:00:00,65,HIGH_INTENSITY
952,1422,2,23.1,-84.0,2008-09-10 00:00:00,65,HIGH_INTENSITY
953,1422,2,23.4,-84.6,2008-09-10 06:00:00,70,HIGH_INTENSITY
954,1422,2,23.8,-85.2,2008-09-10 12:00:00,80,HIGH_INTENSITY
955,1422,2,24.2,-85.8,2008-09-10 18:00:00,85,HIGH_INTENSITY
956,1422,2,24.7,-86.4,2008-09-11 00:00:00,85,HIGH_INTENSITY
957,1422,2,25.1,-87.1,2008-09-11 06:00:00,85,HIGH_INTENSITY
958,1422,2,25.5,-88.0,2008-09-11 12:00:00,85,HIGH_INTENSITY
959,1422,2,25.8,-88.9,2008-09-11 18:00:00,85,HIGH_INTENSITY
960,1422,2,26.1,-90.0,2008-09-12 00:00:00,85,HIGH_INTENSITY
961,1422,2,26.4,-91.1,2008-09-12 06:00:00,90,HIGH_INTENSITY
962,1422,2,26.9,-92.2,2008-09-12 12:00:00,95,HIGH_INTENSITY
963,1422,2,27.5,-93.2,2008-09-12 18:00:00,95,HIGH_INTENSITY
964,1422,2,28.3,-94.0,2008-09-13 00:00:00,95,HIGH_INTENSITY
965,1422,2,29.1,-94.6,2008-09-13 06:00:00,95,HIGH_INTENSITY
966,1422,2,30.3,-95.2,2008-09-13 12:00:00,85,HIGH_INTENSITY
967,1422,3,31.7,-95.3,2008-09-13 18:00:00,50,LOW_INTENSITY
968,1422,3,33.5,-94.9,2008-09-14 00:00:00,35,LOW_INTENSITY
969,1422,3,35.5,-93.7,2008-09-14 06:00:00,35,LOW_INTENSITY
970,1422,3,37.6,-91.0,2008-09-14 12:00:00,40,LOW_INTENSITY
971,1422,3,40.3,-87.2,2008-09-14 18:00:00,50,LOW_INTENSITY
972,1422,3,43.3,-81.5,2008-09-15 00:00:00,50,LOW_INTENSITY
973,1422,3,45.8,-75.3,2008-09-15 06:00:00,40,LOW_INTENSITY
974,1422,3,47.2,-71.1,2008-09-15 12:00:00,35,LOW_INTENSITY
975,1424,1,21.5,-70.0,2008-09-25 00:00:00,30,LOW_INTENSITY
976,1424,1,22.0,-69.4,2008-09-25 06:00:00,35,LOW_INTENSITY
977,1424,1,22.4,-68.7,2008-09-25 12:00:00,40,LOW_INTENSITY
978,1424,1,23.1,-68.4,2008-09-25 18:00:00,40,LOW_INTENSITY
998,1425,1,39.0,-35.0,2008-09-26 00:00:00,40,LOW_INTENSITY
980,1424,1,25.0,-68.2,2008-09-26 06:00:00,50,LOW_INTENSITY
981,1424,1,26.0,-68.6,2008-09-26 12:00:00,50,LOW_INTENSITY
982,1424,1,26.9,-68.6,2008-09-26 18:00:00,50,LOW_INTENSITY
983,1424,1,28.7,-68.6,2008-09-27 00:00:00,55,LOW_INTENSITY
984,1424,1,29.9,-69.3,2008-09-27 06:00:00,60,LOW_INTENSITY
1004,1425,2,37.5,-38.0,2008-09-27 12:00:00,70,HIGH_INTENSITY
1005,1425,2,37.4,-39.0,2008-09-27 18:00:00,70,HIGH_INTENSITY
1006,1425,3,37.3,-40.0,2008-09-28 00:00:00,60,LOW_INTENSITY
988,1424,2,37.4,-69.3,2008-09-28 06:00:00,70,HIGH_INTENSITY
1008,1425,3,37.0,-42.5,2008-09-28 12:00:00,50,LOW_INTENSITY
990,1424,2,41.6,-66.7,2008-09-28 18:00:00,70,HIGH_INTENSITY
991,1424,2,43.8,-66.2,2008-09-29 00:00:00,65,HIGH_INTENSITY
1011,1425,3,37.0,-47.0,2008-09-29 06:00:00,50,LOW_INTENSITY
993,1424,3,47.7,-63.5,2008-09-29 12:00:00,45,LOW_INTENSITY
1013,1425,3,37.8,-48.2,2008-09-29 18:00:00,50,LOW_INTENSITY
995,1424,3,48.4,-61.5,2008-09-30 00:00:00,35,LOW_INTENSITY
996,1424,3,48.2,-61.0,2008-09-30 06:00:00,30,LOW_INTENSITY
997,1424,3,48.1,-60.8,2008-09-30 12:00:00,25,LOW_INTENSITY
1017,1425,3,41.7,-48.8,2008-09-30 18:00:00,50,LOW_INTENSITY
1018,1425,3,42.9,-48.3,2008-10-01 00:00:00,45,LOW_INTENSITY
1019,1425,3,44.2,-47.7,2008-10-01 06:00:00,45,LOW_INTENSITY
1020,1425,3,45.7,-46.9,2008-10-01 12:00:00,40,LOW_INTENSITY
1021,1425,3,47.5,-46.3,2008-10-01 18:00:00,40,LOW_INTENSITY
1022,1425,3,49.5,-46.0,2008-10-02 00:00:00,35,LOW_INTENSITY
1023,1425,3,51.5,-46.0,2008-10-02 06:00:00,35,LOW_INTENSITY
1024,1425,3,53.5,-46.0,2008-10-02 12:00:00,40,LOW_INTENSITY
1025,1425,3,55.6,-45.5,2008-10-02 18:00:00,40,LOW_INTENSITY
1026,1425,3,56.9,-44.0,2008-10-03 00:00:00,50,LOW_INTENSITY
1027,1425,4,57.0,-42.0,2008-10-03 06:00:00,65,HIGH_INTENSITY
1028,1425,5,57.0,-40.0,2008-10-03 12:00:00,60,LOW_INTENSITY
1029,1425,5,57.0,-37.0,2008-10-03 18:00:00,55,LOW_INTENSITY
1030,1425,5,56.5,-31.4,2008-10-04 00:00:00,45,LOW_INTENSITY
1031,1425,5,56.0,-26.0,2008-10-04 06:00:00,40,LOW_INTENSITY
1032,1428,1,15.4,-69.0,2008-10-13 06:00:00,25,LOW_INTENSITY
1033,1428,1,15.2,-69.6,2008-10-13 12:00:00,30,LOW_INTENSITY
1034,1428,1,14.8,-69.8,2008-10-13 18:00:00,30,LOW_INTENSITY
1035,1428,1,14.5,-69.6,2008-10-14 00:00:00,35,LOW_INTENSITY
1036,1428,1,14.3,-69.3,2008-10-14 06:00:00,40,LOW_INTENSITY
1037,1428,1,14.2,-69.1,2008-10-14 12:00:00,50,LOW_INTENSITY
1038,1428,1,13.9,-68.8,2008-10-14 18:00:00,60,LOW_INTENSITY
1039,1428,2,14.1,-68.3,2008-10-15 00:00:00,65,HIGH_INTENSITY
1040,1428,2,14.4,-68.0,2008-10-15 06:00:00,70,HIGH_INTENSITY
1041,1428,2,14.9,-67.4,2008-10-15 12:00:00,75,HIGH_INTENSITY
1042,1428,2,15.6,-66.5,2008-10-15 18:00:00,80,HIGH_INTENSITY
1043,1428,2,16.7,-65.2,2008-10-16 00:00:00,95,HIGH_INTENSITY
1044,1428,2,18.2,-63.9,2008-10-16 06:00:00,115,HIGH_INTENSITY
1045,1428,2,19.6,-62.1,2008-10-16 12:00:00,90,HIGH_INTENSITY
1046,1428,2,21.1,-60.4,2008-10-16 18:00:00,70,HIGH_INTENSITY
1047,1428,2,22.8,-58.8,2008-10-17 00:00:00,65,HIGH_INTENSITY
1048,1428,2,25.1,-57.1,2008-10-17 06:00:00,70,HIGH_INTENSITY
1049,1428,2,27.9,-55.7,2008-10-17 12:00:00,75,HIGH_INTENSITY
1050,1428,2,30.1,-54.4,2008-10-17 18:00:00,65,HIGH_INTENSITY
1051,1428,3,31.3,-53.2,2008-10-18 00:00:00,55,LOW_INTENSITY
1052,1428,3,32.4,-52.1,2008-10-18 06:00:00,50,LOW_INTENSITY
1053,1428,3,33.0,-51.3,2008-10-18 12:00:00,40,LOW_INTENSITY
1054,1428,3,33.5,-50.5,2008-10-18 18:00:00,35,LOW_INTENSITY
1055,1428,3,34.0,-49.7,2008-10-19 00:00:00,30,LOW_INTENSITY
1056,1428,3,34.5,-49.0,2008-10-19 06:00:00,30,LOW_INTENSITY
1057,1428,3,35.1,-48.3,2008-10-19 12:00:00,25,LOW_INTENSITY
1058,1428,3,35.7,-47.5,2008-10-19 18:00:00,25,LOW_INTENSITY
1059,1428,3,36.4,-46.8,2008-10-20 00:00:00,25,LOW_INTENSITY
1060,1428,3,37.0,-46.2,2008-10-20 06:00:00,25,LOW_INTENSITY
1061,1428,3,37.6,-45.3,2008-10-20 12:00:00,25,LOW_INTENSITY
1062,1428,3,37.9,-44.3,2008-10-20 18:00:00,25,LOW_INTENSITY
1063,1428,3,38.3,-43.3,2008-10-21 00:00:00,25,LOW_INTENSITY
1064,1429,1,13.7,-81.7,2008-11-05 18:00:00,25,LOW_INTENSITY
1065,1429,1,14.2,-82.0,2008-11-06 00:00:00,30,LOW_INTENSITY
1066,1429,1,14.8,-82.1,2008-11-06 06:00:00,35,LOW_INTENSITY
1067,1429,1,15.4,-82.0,2008-11-06 12:00:00,40,LOW_INTENSITY
1068,1429,1,16.1,-81.9,2008-11-06 18:00:00,55,LOW_INTENSITY
1069,1429,2,16.8,-81.8,2008-11-07 00:00:00,65,HIGH_INTENSITY
1070,1429,2,17.4,-81.7,2008-11-07 06:00:00,65,HIGH_INTENSITY
1071,1429,2,18.0,-81.6,2008-11-07 12:00:00,75,HIGH_INTENSITY
1072,1429,2,18.6,-81.4,2008-11-07 18:00:00,80,HIGH_INTENSITY
1073,1429,2,19.0,-81.0,2008-11-08 00:00:00,100,HIGH_INTENSITY
1074,1429,2,19.4,-80.4,2008-11-08 06:00:00,110,HIGH_INTENSITY
1075,1429,2,19.8,-79.6,2008-11-08 12:00:00,125,HIGH_INTENSITY
1076,1429,2,20.2,-78.8,2008-11-08 18:00:00,125,HIGH_INTENSITY
1077,1429,2,20.7,-78.0,2008-11-09 00:00:00,90,HIGH_INTENSITY
1078,1429,3,21.0,-77.7,2008-11-09 06:00:00,55,LOW_INTENSITY
1079,1429,3,21.3,-77.8,2008-11-09 12:00:00,35,LOW_INTENSITY
1080,1429,3,21.6,-77.9,2008-11-09 18:00:00,25,LOW_INTENSITY
1081,1429,3,21.8,-77.9,2008-11-10 00:00:00,25,LOW_INTENSITY
1082,1429,3,22.1,-77.8,2008-11-10 06:00:00,25,LOW_INTENSITY
1083,1429,3,22.4,-77.7,2008-11-10 12:00:00,20,LOW_INTENSITY
1084,1429,3,22.5,-77.6,2008-11-10 18:00:00,20,LOW_INTENSITY
1085,1429,3,22.4,-77.5,2008-11-11 00:00:00,20,LOW_INTENSITY
1086,1429,3,22.1,-77.6,2008-11-11 06:00:00,20,LOW_INTENSITY
1087,1429,3,21.8,-77.9,2008-11-11 12:00:00,20,LOW_INTENSITY
1088,1429,3,21.3,-78.3,2008-11-11 18:00:00,20,LOW_INTENSITY
1089,1429,3,20.9,-78.8,2008-11-12 00:00:00,20,LOW_INTENSITY
1090,1429,3,20.8,-79.7,2008-11-12 06:00:00,20,LOW_INTENSITY
1091,1429,3,21.0,-80.7,2008-11-12 12:00:00,20,LOW_INTENSITY
1092,1429,3,21.4,-81.7,2008-11-12 18:00:00,20,LOW_INTENSITY
1093,1429,3,22.1,-82.8,2008-11-13 00:00:00,20,LOW_INTENSITY
1094,1429,3,22.8,-83.8,2008-11-13 06:00:00,20,LOW_INTENSITY
1095,1429,3,23.8,-84.7,2008-11-13 12:00:00,20,LOW_INTENSITY
1096,1429,3,25.0,-85.5,2008-11-13 18:00:00,20,LOW_INTENSITY
1097,1429,3,26.8,-85.9,2008-11-14 00:00:00,20,LOW_INTENSITY
1098,1429,3,28.9,-85.6,2008-11-14 06:00:00,20,LOW_INTENSITY
1099,1431,1,11.8,-32.0,2009-08-15 06:00:00,30,LOW_INTENSITY
1100,1431,1,11.5,-33.3,2009-08-15 12:00:00,30,LOW_INTENSITY
1101,1431,1,11.2,-34.5,2009-08-15 18:00:00,35,LOW_INTENSITY
1102,1431,1,11.2,-35.5,2009-08-16 00:00:00,35,LOW_INTENSITY
1103,1431,1,11.5,-36.5,2009-08-16 06:00:00,40,LOW_INTENSITY
1104,1431,1,12.0,-37.8,2009-08-16 12:00:00,50,LOW_INTENSITY
1105,1431,1,12.6,-39.4,2009-08-16 18:00:00,55,LOW_INTENSITY
1106,1431,1,13.1,-41.3,2009-08-17 00:00:00,60,LOW_INTENSITY
1107,1431,2,13.5,-43.2,2009-08-17 06:00:00,65,HIGH_INTENSITY
1108,1431,2,13.9,-44.6,2009-08-17 12:00:00,75,HIGH_INTENSITY
1109,1431,2,14.4,-46.0,2009-08-17 18:00:00,80,HIGH_INTENSITY
1110,1431,2,14.8,-47.5,2009-08-18 00:00:00,85,HIGH_INTENSITY
1111,1431,2,15.3,-49.0,2009-08-18 06:00:00,90,HIGH_INTENSITY
1112,1431,2,15.7,-50.3,2009-08-18 12:00:00,95,HIGH_INTENSITY
1113,1431,2,16.2,-51.7,2009-08-18 18:00:00,100,HIGH_INTENSITY
1114,1431,2,16.9,-52.9,2009-08-19 00:00:00,105,HIGH_INTENSITY
1115,1431,2,17.6,-54.2,2009-08-19 06:00:00,115,HIGH_INTENSITY
1116,1431,2,18.3,-55.6,2009-08-19 12:00:00,115,HIGH_INTENSITY
1117,1431,2,19.3,-56.9,2009-08-19 18:00:00,115,HIGH_INTENSITY
1118,1431,2,20.2,-58.2,2009-08-20 00:00:00,115,HIGH_INTENSITY
1119,1431,2,21.1,-59.6,2009-08-20 06:00:00,115,HIGH_INTENSITY
1120,1431,2,22.1,-61.0,2009-08-20 12:00:00,105,HIGH_INTENSITY
1121,1431,2,23.1,-62.4,2009-08-20 18:00:00,110,HIGH_INTENSITY
1122,1431,2,24.1,-63.7,2009-08-21 00:00:00,110,HIGH_INTENSITY
1123,1431,2,25.5,-64.9,2009-08-21 06:00:00,105,HIGH_INTENSITY
1124,1431,2,27.1,-66.0,2009-08-21 12:00:00,100,HIGH_INTENSITY
1125,1431,2,28.6,-66.9,2009-08-21 18:00:00,95,HIGH_INTENSITY
1126,1431,2,30.4,-67.6,2009-08-22 00:00:00,90,HIGH_INTENSITY
1127,1431,2,32.3,-68.4,2009-08-22 06:00:00,90,HIGH_INTENSITY
1128,1431,2,34.1,-68.8,2009-08-22 12:00:00,85,HIGH_INTENSITY
1129,1431,2,36.0,-68.9,2009-08-22 18:00:00,80,HIGH_INTENSITY
1130,1431,2,38.1,-68.4,2009-08-23 00:00:00,80,HIGH_INTENSITY
1131,1431,2,40.1,-67.3,2009-08-23 06:00:00,75,HIGH_INTENSITY
1132,1431,2,42.4,-65.4,2009-08-23 12:00:00,70,HIGH_INTENSITY
1133,1431,2,44.4,-62.5,2009-08-23 18:00:00,65,HIGH_INTENSITY
1134,1431,2,46.3,-57.9,2009-08-24 00:00:00,65,HIGH_INTENSITY
1135,1431,3,48.0,-53.0,2009-08-24 06:00:00,60,LOW_INTENSITY
1136,1431,3,49.2,-47.2,2009-08-24 12:00:00,60,LOW_INTENSITY
1137,1431,3,50.0,-41.2,2009-08-24 18:00:00,60,LOW_INTENSITY
1138,1431,3,50.3,-35.4,2009-08-25 00:00:00,60,LOW_INTENSITY
1139,1431,3,50.7,-29.6,2009-08-25 06:00:00,60,LOW_INTENSITY
1140,1431,3,51.2,-23.8,2009-08-25 12:00:00,60,LOW_INTENSITY
1141,1431,3,52.0,-18.0,2009-08-25 18:00:00,50,LOW_INTENSITY
1142,1431,3,53.0,-13.0,2009-08-26 00:00:00,40,LOW_INTENSITY
1143,1435,1,11.8,-24.0,2009-09-07 18:00:00,30,LOW_INTENSITY
1144,1435,1,11.7,-25.4,2009-09-08 00:00:00,35,LOW_INTENSITY
1145,1435,1,11.7,-26.8,2009-09-08 06:00:00,45,LOW_INTENSITY
1146,1435,1,11.8,-28.0,2009-09-08 12:00:00,55,LOW_INTENSITY
1147,1435,1,11.9,-29.2,2009-09-08 18:00:00,60,LOW_INTENSITY
1148,1435,2,12.4,-30.3,2009-09-09 00:00:00,70,HIGH_INTENSITY
1149,1435,2,13.0,-31.3,2009-09-09 06:00:00,90,HIGH_INTENSITY
1150,1435,2,13.6,-32.1,2009-09-09 12:00:00,105,HIGH_INTENSITY
1151,1435,2,14.2,-32.8,2009-09-09 18:00:00,100,HIGH_INTENSITY
1152,1435,2,14.8,-33.5,2009-09-10 00:00:00,95,HIGH_INTENSITY
1153,1435,2,15.4,-34.2,2009-09-10 06:00:00,90,HIGH_INTENSITY
1154,1435,2,16.1,-34.6,2009-09-10 12:00:00,85,HIGH_INTENSITY
1155,1435,2,16.7,-34.9,2009-09-10 18:00:00,80,HIGH_INTENSITY
1156,1435,2,17.2,-35.1,2009-09-11 00:00:00,80,HIGH_INTENSITY
1157,1435,2,17.5,-34.8,2009-09-11 06:00:00,75,HIGH_INTENSITY
1158,1435,2,17.6,-34.5,2009-09-11 12:00:00,65,HIGH_INTENSITY
1159,1435,3,17.6,-34.2,2009-09-11 18:00:00,55,LOW_INTENSITY
1160,1435,3,17.6,-33.9,2009-09-12 00:00:00,50,LOW_INTENSITY
1161,1435,3,17.6,-33.6,2009-09-12 06:00:00,40,LOW_INTENSITY
1162,1435,3,17.5,-33.6,2009-09-12 12:00:00,35,LOW_INTENSITY
1163,1435,3,17.5,-33.8,2009-09-12 18:00:00,30,LOW_INTENSITY
1164,1435,3,17.5,-34.0,2009-09-13 00:00:00,30,LOW_INTENSITY
1165,1435,3,17.5,-34.3,2009-09-13 06:00:00,30,LOW_INTENSITY
1166,1435,3,17.9,-34.7,2009-09-13 12:00:00,30,LOW_INTENSITY
1167,1435,3,18.5,-35.4,2009-09-13 18:00:00,30,LOW_INTENSITY
1168,1435,3,19.0,-36.3,2009-09-14 00:00:00,30,LOW_INTENSITY
1169,1435,3,19.2,-37.5,2009-09-14 06:00:00,30,LOW_INTENSITY
1170,1435,3,19.2,-38.8,2009-09-14 12:00:00,30,LOW_INTENSITY
1171,1435,3,19.1,-40.2,2009-09-14 18:00:00,25,LOW_INTENSITY
1172,1435,3,19.1,-41.6,2009-09-15 00:00:00,25,LOW_INTENSITY
1173,1435,3,19.3,-43.1,2009-09-15 06:00:00,25,LOW_INTENSITY
1174,1435,3,19.8,-44.7,2009-09-15 12:00:00,25,LOW_INTENSITY
1175,1435,3,20.4,-46.4,2009-09-15 18:00:00,25,LOW_INTENSITY
1176,1435,3,21.1,-48.3,2009-09-16 00:00:00,25,LOW_INTENSITY
1177,1435,3,21.8,-50.2,2009-09-16 06:00:00,25,LOW_INTENSITY
1178,1435,3,22.3,-52.1,2009-09-16 12:00:00,25,LOW_INTENSITY
1179,1435,3,22.8,-54.1,2009-09-16 18:00:00,25,LOW_INTENSITY
1180,1435,3,23.3,-56.0,2009-09-17 00:00:00,25,LOW_INTENSITY
1181,1435,3,23.8,-57.9,2009-09-17 06:00:00,25,LOW_INTENSITY
1182,1435,3,24.2,-59.9,2009-09-17 12:00:00,25,LOW_INTENSITY
1183,1435,3,24.6,-61.6,2009-09-17 18:00:00,25,LOW_INTENSITY
1184,1435,3,24.9,-63.2,2009-09-18 00:00:00,25,LOW_INTENSITY
1185,1435,3,25.3,-64.7,2009-09-18 06:00:00,25,LOW_INTENSITY
1186,1435,3,25.6,-66.0,2009-09-18 12:00:00,25,LOW_INTENSITY
1187,1435,3,25.9,-67.1,2009-09-18 18:00:00,25,LOW_INTENSITY
1188,1435,3,26.2,-68.1,2009-09-19 00:00:00,25,LOW_INTENSITY
1189,1435,3,26.4,-69.0,2009-09-19 06:00:00,25,LOW_INTENSITY
1190,1435,3,26.6,-69.8,2009-09-19 12:00:00,25,LOW_INTENSITY
1191,1438,1,11.0,-81.3,2009-11-04 06:00:00,30,LOW_INTENSITY
1192,1438,1,11.4,-81.8,2009-11-04 12:00:00,35,LOW_INTENSITY
1193,1438,1,11.8,-82.3,2009-11-04 18:00:00,45,LOW_INTENSITY
1194,1438,1,12.3,-82.8,2009-11-05 00:00:00,55,LOW_INTENSITY
1195,1438,2,12.6,-83.3,2009-11-05 06:00:00,65,HIGH_INTENSITY
1196,1438,2,12.9,-83.6,2009-11-05 12:00:00,70,HIGH_INTENSITY
1197,1438,3,13.2,-83.8,2009-11-05 18:00:00,50,LOW_INTENSITY
1198,1438,3,13.6,-83.9,2009-11-06 00:00:00,35,LOW_INTENSITY
1199,1438,3,14.1,-84.0,2009-11-06 06:00:00,30,LOW_INTENSITY
1200,1438,3,14.7,-83.9,2009-11-06 12:00:00,30,LOW_INTENSITY
1201,1438,3,15.4,-83.9,2009-11-06 18:00:00,30,LOW_INTENSITY
1202,1438,3,16.1,-84.0,2009-11-07 00:00:00,30,LOW_INTENSITY
1203,1438,3,16.8,-84.0,2009-11-07 06:00:00,35,LOW_INTENSITY
1204,1438,3,17.7,-84.0,2009-11-07 12:00:00,55,LOW_INTENSITY
1205,1438,3,18.7,-84.1,2009-11-07 18:00:00,60,LOW_INTENSITY
1206,1438,4,19.5,-84.5,2009-11-08 00:00:00,70,HIGH_INTENSITY
1207,1438,4,20.1,-85.3,2009-11-08 06:00:00,80,HIGH_INTENSITY
1208,1438,4,20.9,-85.8,2009-11-08 12:00:00,85,HIGH_INTENSITY
1209,1438,4,21.9,-86.2,2009-11-08 18:00:00,85,HIGH_INTENSITY
1210,1438,4,23.0,-86.5,2009-11-09 00:00:00,90,HIGH_INTENSITY
1211,1438,4,24.4,-87.5,2009-11-09 06:00:00,80,HIGH_INTENSITY
1212,1438,5,26.3,-88.3,2009-11-09 12:00:00,60,LOW_INTENSITY
1213,1438,6,27.9,-88.6,2009-11-09 18:00:00,65,HIGH_INTENSITY
1214,1438,7,28.9,-88.7,2009-11-10 00:00:00,60,LOW_INTENSITY
1215,1438,7,29.8,-88.6,2009-11-10 06:00:00,50,LOW_INTENSITY
1216,1438,7,30.3,-88.0,2009-11-10 12:00:00,35,LOW_INTENSITY
1217,1438,7,30.6,-87.2,2009-11-10 18:00:00,30,LOW_INTENSITY
1218,1438,7,30.6,-86.3,2009-11-11 00:00:00,25,LOW_INTENSITY
1219,1438,7,30.8,-85.5,2009-11-11 06:00:00,25,LOW_INTENSITY
1220,1439,1,15.9,-82.0,2010-06-24 18:00:00,25,LOW_INTENSITY
1221,1439,1,16.0,-82.1,2010-06-25 00:00:00,25,LOW_INTENSITY
1222,1439,1,16.1,-82.3,2010-06-25 06:00:00,25,LOW_INTENSITY
1223,1439,1,16.2,-82.5,2010-06-25 12:00:00,30,LOW_INTENSITY
1224,1439,1,16.4,-83.1,2010-06-25 18:00:00,30,LOW_INTENSITY
1225,1439,1,16.6,-83.9,2010-06-26 00:00:00,30,LOW_INTENSITY
1226,1439,1,16.7,-84.9,2010-06-26 06:00:00,40,LOW_INTENSITY
1227,1439,1,16.9,-86.1,2010-06-26 12:00:00,40,LOW_INTENSITY
1228,1439,1,17.2,-87.2,2010-06-26 18:00:00,55,LOW_INTENSITY
1229,1439,1,17.5,-88.2,2010-06-27 00:00:00,55,LOW_INTENSITY
1230,1439,1,18.0,-89.1,2010-06-27 06:00:00,55,LOW_INTENSITY
1231,1439,1,18.5,-90.0,2010-06-27 12:00:00,45,LOW_INTENSITY
1232,1439,1,18.9,-90.7,2010-06-27 18:00:00,35,LOW_INTENSITY
1233,1439,1,19.2,-91.1,2010-06-28 00:00:00,40,LOW_INTENSITY
1234,1439,1,19.5,-91.4,2010-06-28 06:00:00,40,LOW_INTENSITY
1235,1439,1,20.0,-91.6,2010-06-28 12:00:00,50,LOW_INTENSITY
1236,1439,1,20.3,-91.7,2010-06-28 18:00:00,50,LOW_INTENSITY
1237,1439,1,20.7,-91.7,2010-06-29 00:00:00,55,LOW_INTENSITY
1238,1439,1,21.5,-91.9,2010-06-29 06:00:00,55,LOW_INTENSITY
1239,1439,1,22.4,-92.7,2010-06-29 12:00:00,60,LOW_INTENSITY
1240,1439,1,22.9,-93.6,2010-06-29 18:00:00,60,LOW_INTENSITY
1241,1439,2,23.0,-94.4,2010-06-30 00:00:00,65,HIGH_INTENSITY
1242,1439,2,23.1,-94.8,2010-06-30 06:00:00,70,HIGH_INTENSITY
1243,1439,2,23.5,-95.2,2010-06-30 12:00:00,75,HIGH_INTENSITY
1244,1439,2,24.3,-96.2,2010-06-30 18:00:00,80,HIGH_INTENSITY
1245,1439,2,24.3,-97.3,2010-07-01 00:00:00,90,HIGH_INTENSITY
1246,1439,2,24.1,-98.4,2010-07-01 06:00:00,75,HIGH_INTENSITY
1247,1439,3,23.5,-99.5,2010-07-01 12:00:00,60,LOW_INTENSITY
1248,1442,1,10.7,-31.1,2010-08-21 12:00:00,25,LOW_INTENSITY
1249,1442,1,11.0,-31.7,2010-08-21 18:00:00,25,LOW_INTENSITY
1250,1442,1,11.4,-32.4,2010-08-22 00:00:00,30,LOW_INTENSITY
1251,1442,1,11.8,-33.1,2010-08-22 06:00:00,35,LOW_INTENSITY
1252,1442,1,12.4,-33.9,2010-08-22 12:00:00,35,LOW_INTENSITY
1253,1442,1,13.2,-34.8,2010-08-22 18:00:00,35,LOW_INTENSITY
1254,1442,1,13.8,-35.9,2010-08-23 00:00:00,45,LOW_INTENSITY
1255,1442,1,14.2,-37.4,2010-08-23 06:00:00,50,LOW_INTENSITY
1256,1442,1,14.7,-39.1,2010-08-23 12:00:00,55,LOW_INTENSITY
1257,1442,2,15.2,-40.9,2010-08-23 18:00:00,65,HIGH_INTENSITY
1258,1442,2,15.4,-42.6,2010-08-24 00:00:00,75,HIGH_INTENSITY
1259,1442,2,15.6,-44.2,2010-08-24 06:00:00,80,HIGH_INTENSITY
1301,1443,1,13.2,-22.6,2010-08-24 12:00:00,30,LOW_INTENSITY
1302,1443,1,13.6,-24.3,2010-08-24 18:00:00,30,LOW_INTENSITY
1262,1442,2,17.7,-49.0,2010-08-25 00:00:00,70,HIGH_INTENSITY
1304,1443,1,14.1,-27.8,2010-08-25 06:00:00,30,LOW_INTENSITY
1264,1442,2,19.4,-51.6,2010-08-25 12:00:00,70,HIGH_INTENSITY
1265,1442,2,20.7,-52.6,2010-08-25 18:00:00,75,HIGH_INTENSITY
1307,1443,1,14.7,-33.0,2010-08-26 00:00:00,35,LOW_INTENSITY
1308,1443,1,14.9,-34.5,2010-08-26 06:00:00,40,LOW_INTENSITY
1309,1443,1,15.1,-36.0,2010-08-26 12:00:00,40,LOW_INTENSITY
1310,1443,1,15.3,-37.7,2010-08-26 18:00:00,40,LOW_INTENSITY
1270,1442,2,25.6,-57.3,2010-08-27 00:00:00,95,HIGH_INTENSITY
1271,1442,2,26.2,-58.3,2010-08-27 06:00:00,110,HIGH_INTENSITY
1272,1442,2,26.5,-59.3,2010-08-27 12:00:00,110,HIGH_INTENSITY
1314,1443,1,15.9,-45.0,2010-08-27 18:00:00,40,LOW_INTENSITY
1315,1443,1,16.0,-47.0,2010-08-28 00:00:00,45,LOW_INTENSITY
1316,1443,1,16.1,-49.0,2010-08-28 06:00:00,50,LOW_INTENSITY
1276,1442,2,28.9,-60.8,2010-08-28 12:00:00,95,HIGH_INTENSITY
1318,1443,1,16.3,-53.0,2010-08-28 18:00:00,50,LOW_INTENSITY
1319,1443,1,16.5,-54.8,2010-08-29 00:00:00,55,LOW_INTENSITY
1320,1443,1,16.7,-56.5,2010-08-29 06:00:00,55,LOW_INTENSITY
1280,1442,2,34.7,-56.2,2010-08-29 12:00:00,75,HIGH_INTENSITY
1322,1443,2,17.3,-59.3,2010-08-29 18:00:00,75,HIGH_INTENSITY
1282,1442,2,38.7,-53.8,2010-08-30 00:00:00,70,HIGH_INTENSITY
1283,1442,2,40.0,-52.8,2010-08-30 06:00:00,65,HIGH_INTENSITY
1284,1442,2,40.6,-51.6,2010-08-30 12:00:00,65,HIGH_INTENSITY
1285,1442,3,41.0,-50.2,2010-08-30 18:00:00,60,LOW_INTENSITY
1286,1442,3,41.1,-48.0,2010-08-31 00:00:00,60,LOW_INTENSITY
1287,1442,3,41.2,-44.8,2010-08-31 06:00:00,55,LOW_INTENSITY
1329,1443,2,20.9,-67.5,2010-08-31 12:00:00,115,HIGH_INTENSITY
1330,1443,2,21.6,-68.4,2010-08-31 18:00:00,115,HIGH_INTENSITY
1290,1442,3,43.5,-30.4,2010-09-01 00:00:00,45,LOW_INTENSITY
1291,1442,3,44.8,-26.3,2010-09-01 06:00:00,40,LOW_INTENSITY
1292,1442,3,46.2,-24.0,2010-09-01 12:00:00,40,LOW_INTENSITY
1334,1443,2,25.9,-72.7,2010-09-01 18:00:00,115,HIGH_INTENSITY
1294,1442,3,49.5,-20.7,2010-09-02 00:00:00,40,LOW_INTENSITY
1336,1443,2,28.6,-74.3,2010-09-02 06:00:00,125,HIGH_INTENSITY
1296,1442,3,53.0,-20.3,2010-09-02 12:00:00,35,LOW_INTENSITY
1338,1443,2,31.7,-75.1,2010-09-02 18:00:00,100,HIGH_INTENSITY
1298,1442,3,57.5,-23.0,2010-09-03 00:00:00,30,LOW_INTENSITY
1340,1443,2,34.5,-74.2,2010-09-03 06:00:00,85,HIGH_INTENSITY
1341,1443,2,36.1,-73.4,2010-09-03 12:00:00,75,HIGH_INTENSITY
1342,1443,2,37.6,-72.2,2010-09-03 18:00:00,70,HIGH_INTENSITY
1343,1443,3,39.1,-70.6,2010-09-04 00:00:00,60,LOW_INTENSITY
1344,1443,3,40.7,-68.4,2010-09-04 06:00:00,60,LOW_INTENSITY
1345,1443,4,43.0,-65.7,2010-09-04 12:00:00,65,HIGH_INTENSITY
1346,1443,4,45.5,-63.2,2010-09-04 18:00:00,65,HIGH_INTENSITY
1347,1443,5,48.4,-60.2,2010-09-05 00:00:00,55,LOW_INTENSITY
1348,1443,5,50.6,-57.5,2010-09-05 06:00:00,50,LOW_INTENSITY
1349,1443,5,52.4,-55.4,2010-09-05 12:00:00,45,LOW_INTENSITY
1350,1443,5,54.0,-54.1,2010-09-05 18:00:00,40,LOW_INTENSITY
1351,1443,5,55.7,-53.5,2010-09-06 00:00:00,35,LOW_INTENSITY
1352,1447,1,14.0,-22.7,2010-09-08 06:00:00,30,LOW_INTENSITY
1353,1447,1,13.8,-23.3,2010-09-08 12:00:00,40,LOW_INTENSITY
1354,1447,1,13.8,-23.7,2010-09-08 18:00:00,40,LOW_INTENSITY
1355,1447,1,13.8,-24.1,2010-09-09 00:00:00,40,LOW_INTENSITY
1356,1447,1,13.9,-24.8,2010-09-09 06:00:00,35,LOW_INTENSITY
1357,1447,1,14.2,-25.5,2010-09-09 12:00:00,30,LOW_INTENSITY
1358,1447,1,14.7,-26.4,2010-09-09 18:00:00,30,LOW_INTENSITY
1359,1447,1,15.4,-27.5,2010-09-10 00:00:00,30,LOW_INTENSITY
1360,1447,1,15.9,-28.7,2010-09-10 06:00:00,30,LOW_INTENSITY
1361,1447,1,16.3,-30.4,2010-09-10 12:00:00,35,LOW_INTENSITY
1362,1447,1,16.6,-32.5,2010-09-10 18:00:00,40,LOW_INTENSITY
1363,1447,1,16.9,-34.8,2010-09-11 00:00:00,50,LOW_INTENSITY
1364,1447,1,17.1,-37.0,2010-09-11 06:00:00,60,LOW_INTENSITY
1365,1447,1,17.3,-38.7,2010-09-11 12:00:00,60,LOW_INTENSITY
1366,1447,1,17.4,-40.4,2010-09-11 18:00:00,60,LOW_INTENSITY
1367,1447,2,17.6,-42.0,2010-09-12 00:00:00,65,HIGH_INTENSITY
1412,1448,1,12.9,-20.5,2010-09-12 06:00:00,30,LOW_INTENSITY
1369,1447,2,17.7,-44.9,2010-09-12 12:00:00,90,HIGH_INTENSITY
1370,1447,2,17.7,-46.1,2010-09-12 18:00:00,115,HIGH_INTENSITY
1371,1447,2,17.7,-47.3,2010-09-13 00:00:00,130,HIGH_INTENSITY
1372,1447,2,17.6,-48.3,2010-09-13 06:00:00,130,HIGH_INTENSITY
1373,1447,2,17.6,-49.3,2010-09-13 12:00:00,130,HIGH_INTENSITY
1374,1447,2,17.6,-50.2,2010-09-13 18:00:00,125,HIGH_INTENSITY
1375,1447,2,17.7,-50.9,2010-09-14 00:00:00,125,HIGH_INTENSITY
1420,1448,1,15.6,-28.4,2010-09-14 06:00:00,60,LOW_INTENSITY
1466,1449,1,17.6,-82.3,2010-09-14 12:00:00,30,LOW_INTENSITY
1378,1447,2,18.6,-52.8,2010-09-14 18:00:00,125,HIGH_INTENSITY
1423,1448,2,16.4,-30.6,2010-09-15 00:00:00,90,HIGH_INTENSITY
1469,1449,1,18.3,-86.2,2010-09-15 06:00:00,55,LOW_INTENSITY
1425,1448,2,17.7,-32.2,2010-09-15 12:00:00,120,HIGH_INTENSITY
1382,1447,2,19.8,-55.3,2010-09-15 18:00:00,115,HIGH_INTENSITY
1383,1447,2,20.1,-56.0,2010-09-16 00:00:00,120,HIGH_INTENSITY
1384,1447,2,20.4,-56.5,2010-09-16 06:00:00,125,HIGH_INTENSITY
1429,1448,2,21.8,-37.7,2010-09-16 12:00:00,90,HIGH_INTENSITY
1475,1449,2,19.6,-93.3,2010-09-16 18:00:00,70,HIGH_INTENSITY
1387,1447,2,21.8,-58.4,2010-09-17 00:00:00,115,HIGH_INTENSITY
1388,1447,2,22.2,-59.1,2010-09-17 06:00:00,110,HIGH_INTENSITY
1389,1447,2,22.8,-59.9,2010-09-17 12:00:00,100,HIGH_INTENSITY
1434,1448,2,24.6,-47.4,2010-09-17 18:00:00,65,HIGH_INTENSITY
1480,1449,3,18.7,-97.1,2010-09-18 00:00:00,60,LOW_INTENSITY
1392,1447,2,24.9,-62.5,2010-09-18 06:00:00,85,HIGH_INTENSITY
1393,1447,2,25.7,-63.3,2010-09-18 12:00:00,85,HIGH_INTENSITY
1394,1447,2,26.6,-64.0,2010-09-18 18:00:00,80,HIGH_INTENSITY
1395,1447,2,27.5,-64.6,2010-09-19 00:00:00,80,HIGH_INTENSITY
1396,1447,2,28.4,-65.2,2010-09-19 06:00:00,75,HIGH_INTENSITY
1441,1448,3,33.9,-51.4,2010-09-19 12:00:00,45,LOW_INTENSITY
1442,1448,3,34.6,-50.2,2010-09-19 18:00:00,45,LOW_INTENSITY
1482,1450,1,15.2,-32.0,2010-09-20 00:00:00,25,LOW_INTENSITY
1400,1447,2,33.2,-65.2,2010-09-20 06:00:00,65,HIGH_INTENSITY
1401,1447,2,35.1,-64.2,2010-09-20 12:00:00,65,HIGH_INTENSITY
1446,1448,3,34.6,-46.0,2010-09-20 18:00:00,40,LOW_INTENSITY
1486,1450,1,16.8,-31.9,2010-09-21 00:00:00,35,LOW_INTENSITY
1487,1450,1,17.3,-31.8,2010-09-21 06:00:00,40,LOW_INTENSITY
1405,1447,2,44.8,-54.4,2010-09-21 12:00:00,65,HIGH_INTENSITY
1406,1447,2,48.5,-52.1,2010-09-21 18:00:00,75,HIGH_INTENSITY
1407,1447,2,51.5,-50.5,2010-09-22 00:00:00,75,HIGH_INTENSITY
1491,1450,1,17.3,-30.9,2010-09-22 06:00:00,35,LOW_INTENSITY
1409,1447,2,55.5,-49.4,2010-09-22 12:00:00,70,HIGH_INTENSITY
1493,1450,1,17.4,-30.0,2010-09-22 18:00:00,30,LOW_INTENSITY
1494,1450,1,17.5,-29.7,2010-09-23 00:00:00,30,LOW_INTENSITY
1456,1448,3,32.7,-37.7,2010-09-23 06:00:00,30,LOW_INTENSITY
1457,1448,3,32.4,-37.8,2010-09-23 12:00:00,30,LOW_INTENSITY
1458,1448,3,32.0,-38.6,2010-09-23 18:00:00,30,LOW_INTENSITY
1459,1448,3,31.5,-40.0,2010-09-24 00:00:00,30,LOW_INTENSITY
1460,1448,3,31.2,-41.6,2010-09-24 06:00:00,30,LOW_INTENSITY
1500,1450,1,19.0,-27.6,2010-09-24 12:00:00,50,LOW_INTENSITY
1462,1448,3,30.6,-44.3,2010-09-24 18:00:00,30,LOW_INTENSITY
1502,1450,2,20.4,-27.8,2010-09-25 00:00:00,75,HIGH_INTENSITY
1503,1450,2,21.3,-28.0,2010-09-25 06:00:00,70,HIGH_INTENSITY
1504,1450,3,22.3,-28.3,2010-09-25 12:00:00,60,LOW_INTENSITY
1505,1450,3,23.2,-28.6,2010-09-25 18:00:00,50,LOW_INTENSITY
1506,1450,3,24.0,-28.8,2010-09-26 00:00:00,40,LOW_INTENSITY
1507,1450,3,24.8,-28.9,2010-09-26 06:00:00,35,LOW_INTENSITY
1508,1450,3,25.3,-29.0,2010-09-26 12:00:00,30,LOW_INTENSITY
1509,1450,3,25.8,-29.2,2010-09-26 18:00:00,30,LOW_INTENSITY
1510,1450,3,26.3,-29.6,2010-09-27 00:00:00,30,LOW_INTENSITY
1511,1450,3,26.8,-30.1,2010-09-27 06:00:00,30,LOW_INTENSITY
1512,1450,3,27.4,-30.6,2010-09-27 12:00:00,30,LOW_INTENSITY
1513,1450,3,28.0,-31.1,2010-09-27 18:00:00,30,LOW_INTENSITY
1514,1450,3,28.6,-31.5,2010-09-28 00:00:00,30,LOW_INTENSITY
1515,1450,3,29.1,-31.7,2010-09-28 06:00:00,30,LOW_INTENSITY
1516,1450,3,29.5,-31.7,2010-09-28 12:00:00,30,LOW_INTENSITY
1517,1450,3,29.9,-31.6,2010-09-28 18:00:00,25,LOW_INTENSITY
1518,1450,3,30.2,-31.5,2010-09-29 00:00:00,25,LOW_INTENSITY
1519,1453,1,22.0,-67.2,2010-10-06 06:00:00,30,LOW_INTENSITY
1520,1453,1,22.6,-67.8,2010-10-06 12:00:00,40,LOW_INTENSITY
1521,1453,1,23.0,-68.1,2010-10-06 18:00:00,50,LOW_INTENSITY
1522,1453,1,23.2,-68.2,2010-10-07 00:00:00,55,LOW_INTENSITY
1523,1453,1,23.4,-68.3,2010-10-07 06:00:00,50,LOW_INTENSITY
1524,1453,1,23.6,-68.3,2010-10-07 12:00:00,45,LOW_INTENSITY
1525,1453,1,23.8,-67.8,2010-10-07 18:00:00,50,LOW_INTENSITY
1526,1453,1,24.0,-67.0,2010-10-08 00:00:00,55,LOW_INTENSITY
1527,1453,1,24.4,-66.1,2010-10-08 06:00:00,60,LOW_INTENSITY
1528,1453,2,25.2,-64.8,2010-10-08 12:00:00,65,HIGH_INTENSITY
1529,1453,2,26.2,-63.3,2010-10-08 18:00:00,70,HIGH_INTENSITY
1530,1453,2,27.2,-61.7,2010-10-09 00:00:00,75,HIGH_INTENSITY
1531,1453,2,28.5,-59.7,2010-10-09 06:00:00,75,HIGH_INTENSITY
1532,1453,2,30.0,-57.3,2010-10-09 12:00:00,70,HIGH_INTENSITY
1533,1453,2,31.4,-54.3,2010-10-09 18:00:00,65,HIGH_INTENSITY
1534,1453,3,32.7,-50.9,2010-10-10 00:00:00,60,LOW_INTENSITY
1535,1453,3,34.3,-47.0,2010-10-10 06:00:00,55,LOW_INTENSITY
1536,1453,3,36.4,-42.6,2010-10-10 12:00:00,55,LOW_INTENSITY
1537,1453,3,38.2,-38.1,2010-10-10 18:00:00,55,LOW_INTENSITY
1538,1453,3,40.3,-33.8,2010-10-11 00:00:00,50,LOW_INTENSITY
1539,1453,3,42.0,-30.8,2010-10-11 06:00:00,45,LOW_INTENSITY
1568,1454,1,15.0,-83.2,2010-10-11 12:00:00,45,HIGH_INTENSITY
1541,1453,3,43.5,-26.3,2010-10-11 18:00:00,40,LOW_INTENSITY
1570,1454,2,16.5,-84.4,2010-10-12 00:00:00,65,HIGH_INTENSITY
1543,1453,3,42.4,-24.6,2010-10-12 06:00:00,35,LOW_INTENSITY
1572,1454,2,18.1,-85.6,2010-10-12 12:00:00,75,HIGH_INTENSITY
1545,1453,3,40.3,-23.5,2010-10-12 18:00:00,35,LOW_INTENSITY
1574,1454,2,19.6,-86.0,2010-10-13 00:00:00,90,HIGH_INTENSITY
1575,1454,2,20.3,-86.0,2010-10-13 06:00:00,85,HIGH_INTENSITY
1576,1454,2,20.9,-85.9,2010-10-13 12:00:00,85,HIGH_INTENSITY
1549,1453,3,36.7,-22.4,2010-10-13 18:00:00,35,LOW_INTENSITY
1578,1454,2,21.8,-85.6,2010-10-14 00:00:00,75,HIGH_INTENSITY
1579,1454,2,22.2,-85.2,2010-10-14 06:00:00,70,HIGH_INTENSITY
1580,1454,3,22.6,-84.5,2010-10-14 12:00:00,60,HIGH_INTENSITY
1581,1454,3,22.8,-83.5,2010-10-14 18:00:00,50,HIGH_INTENSITY
1554,1453,3,33.8,-19.9,2010-10-15 00:00:00,30,LOW_INTENSITY
1583,1454,3,22.9,-80.9,2010-10-15 06:00:00,30,HIGH_INTENSITY
1584,1454,3,22.9,-79.9,2010-10-15 12:00:00,25,HIGH_INTENSITY
1557,1453,3,33.2,-17.8,2010-10-15 18:00:00,30,LOW_INTENSITY
1558,1453,3,33.0,-17.1,2010-10-16 00:00:00,25,LOW_INTENSITY
1559,1453,3,32.8,-16.5,2010-10-16 06:00:00,25,LOW_INTENSITY
1560,1453,3,32.6,-15.9,2010-10-16 12:00:00,25,LOW_INTENSITY
1561,1453,3,32.4,-15.3,2010-10-16 18:00:00,25,LOW_INTENSITY
1562,1453,3,32.3,-14.7,2010-10-17 00:00:00,25,LOW_INTENSITY
1563,1453,3,32.1,-14.5,2010-10-17 06:00:00,25,LOW_INTENSITY
1564,1453,3,31.9,-14.6,2010-10-17 12:00:00,20,LOW_INTENSITY
1565,1453,3,31.7,-14.7,2010-10-17 18:00:00,20,LOW_INTENSITY
1586,1455,1,17.2,-83.4,2010-10-19 18:00:00,30,HIGH_INTENSITY
1587,1455,1,17.7,-83.2,2010-10-20 00:00:00,30,HIGH_INTENSITY
1588,1455,1,17.8,-82.8,2010-10-20 06:00:00,30,HIGH_INTENSITY
1589,1455,1,17.8,-82.3,2010-10-20 12:00:00,30,HIGH_INTENSITY
1590,1455,1,17.6,-81.8,2010-10-20 18:00:00,30,HIGH_INTENSITY
1591,1455,1,17.3,-81.3,2010-10-21 00:00:00,30,HIGH_INTENSITY
1592,1455,1,17.0,-80.9,2010-10-21 06:00:00,30,HIGH_INTENSITY
1593,1455,1,16.7,-80.6,2010-10-21 12:00:00,35,HIGH_INTENSITY
1594,1455,1,16.3,-80.4,2010-10-21 18:00:00,35,HIGH_INTENSITY
1595,1455,1,16.0,-80.5,2010-10-22 00:00:00,35,HIGH_INTENSITY
1596,1455,1,15.9,-80.7,2010-10-22 06:00:00,35,HIGH_INTENSITY
1597,1455,1,15.8,-81.0,2010-10-22 12:00:00,35,HIGH_INTENSITY
1598,1455,1,15.8,-81.5,2010-10-22 18:00:00,40,HIGH_INTENSITY
1599,1455,1,15.8,-82.1,2010-10-23 00:00:00,40,HIGH_INTENSITY
1600,1455,1,15.8,-82.6,2010-10-23 06:00:00,45,HIGH_INTENSITY
1601,1455,1,15.9,-83.1,2010-10-23 12:00:00,50,HIGH_INTENSITY
1602,1455,1,16.0,-83.6,2010-10-23 18:00:00,55,HIGH_INTENSITY
1603,1455,1,16.2,-84.3,2010-10-24 00:00:00,60,HIGH_INTENSITY
1604,1455,2,16.5,-85.2,2010-10-24 06:00:00,65,HIGH_INTENSITY
1605,1455,2,16.8,-86.3,2010-10-24 12:00:00,75,HIGH_INTENSITY
1606,1455,2,17.0,-87.3,2010-10-24 18:00:00,80,HIGH_INTENSITY
1607,1455,2,17.2,-88.2,2010-10-25 00:00:00,85,HIGH_INTENSITY
1608,1455,2,17.4,-89.2,2010-10-25 06:00:00,65,HIGH_INTENSITY
1609,1455,3,17.7,-90.0,2010-10-25 12:00:00,40,HIGH_INTENSITY
1610,1455,3,18.0,-90.8,2010-10-25 18:00:00,30,HIGH_INTENSITY
1611,1455,3,18.4,-91.5,2010-10-26 00:00:00,25,HIGH_INTENSITY
1612,1455,3,19.1,-92.3,2010-10-26 06:00:00,25,HIGH_INTENSITY
1613,1455,3,20.1,-92.9,2010-10-26 12:00:00,20,HIGH_INTENSITY
1614,1456,1,25.6,-61.2,2010-10-28 18:00:00,30,HIGH_INTENSITY
1615,1456,1,26.8,-63.0,2010-10-29 00:00:00,35,HIGH_INTENSITY
1616,1456,1,28.1,-64.6,2010-10-29 06:00:00,40,HIGH_INTENSITY
1617,1456,1,29.3,-65.9,2010-10-29 12:00:00,50,HIGH_INTENSITY
1618,1456,1,30.2,-65.8,2010-10-29 18:00:00,55,HIGH_INTENSITY
1619,1456,2,31.3,-64.0,2010-10-30 00:00:00,65,HIGH_INTENSITY
1620,1456,2,32.9,-60.9,2010-10-30 06:00:00,65,HIGH_INTENSITY
1628,1457,2,13.1,-60.1,2010-10-30 12:00:00,65,HIGH_INTENSITY
1622,1456,3,37.0,-53.5,2010-10-30 18:00:00,55,HIGH_INTENSITY
1630,1457,2,13.5,-61.7,2010-10-31 00:00:00,85,HIGH_INTENSITY
1631,1457,2,13.8,-62.4,2010-10-31 06:00:00,85,HIGH_INTENSITY
1632,1457,2,14.0,-63.3,2010-10-31 12:00:00,80,HIGH_INTENSITY
1633,1457,2,14.2,-64.4,2010-10-31 18:00:00,65,HIGH_INTENSITY
1634,1457,3,14.1,-65.8,2010-11-01 00:00:00,55,HIGH_INTENSITY
1635,1457,3,13.9,-67.1,2010-11-01 06:00:00,45,HIGH_INTENSITY
1636,1457,3,13.6,-68.2,2010-11-01 12:00:00,40,HIGH_INTENSITY
1637,1457,3,13.5,-69.2,2010-11-01 18:00:00,40,HIGH_INTENSITY
1638,1457,3,13.5,-70.3,2010-11-02 00:00:00,40,HIGH_INTENSITY
1639,1457,3,13.5,-71.4,2010-11-02 06:00:00,45,HIGH_INTENSITY
1640,1457,3,13.5,-72.5,2010-11-02 12:00:00,40,HIGH_INTENSITY
1641,1457,3,13.6,-73.4,2010-11-02 18:00:00,35,HIGH_INTENSITY
1642,1457,3,13.8,-73.9,2010-11-03 00:00:00,30,HIGH_INTENSITY
1643,1457,3,14.0,-74.3,2010-11-03 06:00:00,30,HIGH_INTENSITY
1644,1457,3,14.3,-74.7,2010-11-03 12:00:00,30,HIGH_INTENSITY
1645,1457,3,14.7,-75.1,2010-11-03 18:00:00,35,HIGH_INTENSITY
1646,1457,3,15.1,-75.5,2010-11-04 00:00:00,40,HIGH_INTENSITY
1647,1457,3,15.5,-75.9,2010-11-04 06:00:00,40,HIGH_INTENSITY
1648,1457,3,15.9,-76.2,2010-11-04 12:00:00,45,HIGH_INTENSITY
1649,1457,3,16.4,-76.2,2010-11-04 18:00:00,50,HIGH_INTENSITY
1650,1457,3,17.0,-75.7,2010-11-05 00:00:00,60,HIGH_INTENSITY
1651,1457,4,17.7,-75.2,2010-11-05 06:00:00,70,HIGH_INTENSITY
1652,1457,4,18.7,-74.7,2010-11-05 12:00:00,75,HIGH_INTENSITY
1653,1457,4,19.7,-74.0,2010-11-05 18:00:00,70,HIGH_INTENSITY
1654,1457,5,20.4,-73.1,2010-11-06 00:00:00,60,HIGH_INTENSITY
1655,1457,5,21.4,-71.8,2010-11-06 06:00:00,60,HIGH_INTENSITY
1656,1457,5,22.6,-70.9,2010-11-06 12:00:00,60,HIGH_INTENSITY
1657,1457,6,23.8,-70.3,2010-11-06 18:00:00,65,HIGH_INTENSITY
1658,1457,6,24.9,-69.8,2010-11-07 00:00:00,70,HIGH_INTENSITY
1659,1457,6,25.4,-69.6,2010-11-07 06:00:00,65,HIGH_INTENSITY
1660,1457,7,25.7,-69.5,2010-11-07 12:00:00,60,HIGH_INTENSITY
1661,1457,7,26.0,-69.3,2010-11-07 18:00:00,50,HIGH_INTENSITY
1662,1457,7,26.0,-68.5,2010-11-08 00:00:00,50,HIGH_INTENSITY
1663,1457,7,25.8,-67.5,2010-11-08 06:00:00,50,HIGH_INTENSITY
1664,1457,7,25.6,-66.2,2010-11-08 12:00:00,50,HIGH_INTENSITY
1665,1457,7,25.8,-64.5,2010-11-08 18:00:00,45,HIGH_INTENSITY
1666,1457,7,26.5,-62.3,2010-11-09 00:00:00,45,HIGH_INTENSITY
1667,1457,7,27.9,-60.4,2010-11-09 06:00:00,45,HIGH_INTENSITY
1668,1457,7,29.4,-58.6,2010-11-09 12:00:00,45,HIGH_INTENSITY
1669,1457,7,31.0,-56.9,2010-11-09 18:00:00,45,HIGH_INTENSITY
1670,1457,7,33.3,-55.4,2010-11-10 00:00:00,45,HIGH_INTENSITY
1671,1457,7,36.0,-54.0,2010-11-10 06:00:00,45,HIGH_INTENSITY
1672,1457,7,39.0,-53.5,2010-11-10 12:00:00,35,HIGH_INTENSITY
1673,1457,7,42.0,-53.5,2010-11-10 18:00:00,35,HIGH_INTENSITY
1674,1466,1,15.0,-59.0,2011-08-21 00:00:00,45,HIGH_INTENSITY
1675,1466,1,16.0,-60.6,2011-08-21 06:00:00,45,HIGH_INTENSITY
1676,1466,1,16.8,-62.2,2011-08-21 12:00:00,45,HIGH_INTENSITY
1677,1466,1,17.5,-63.7,2011-08-21 18:00:00,50,HIGH_INTENSITY
1678,1466,1,17.9,-65.0,2011-08-22 00:00:00,60,HIGH_INTENSITY
1679,1466,2,18.2,-65.9,2011-08-22 06:00:00,65,HIGH_INTENSITY
1680,1466,2,18.9,-67.0,2011-08-22 12:00:00,70,HIGH_INTENSITY
1681,1466,2,19.3,-68.0,2011-08-22 18:00:00,75,HIGH_INTENSITY
1682,1466,2,19.7,-68.8,2011-08-23 00:00:00,80,HIGH_INTENSITY
1683,1466,2,20.1,-69.7,2011-08-23 06:00:00,80,HIGH_INTENSITY
1684,1466,2,20.4,-70.6,2011-08-23 12:00:00,80,HIGH_INTENSITY
1685,1466,2,20.7,-71.2,2011-08-23 18:00:00,80,HIGH_INTENSITY
1686,1466,2,21.0,-71.9,2011-08-24 00:00:00,80,HIGH_INTENSITY
1687,1466,2,21.3,-72.5,2011-08-24 06:00:00,95,HIGH_INTENSITY
1688,1466,2,21.9,-73.3,2011-08-24 12:00:00,105,HIGH_INTENSITY
1689,1466,2,22.7,-74.3,2011-08-24 18:00:00,100,HIGH_INTENSITY
1690,1466,2,23.5,-75.1,2011-08-25 00:00:00,95,HIGH_INTENSITY
1691,1466,2,24.1,-75.9,2011-08-25 06:00:00,95,HIGH_INTENSITY
1692,1466,2,25.4,-76.6,2011-08-25 12:00:00,90,HIGH_INTENSITY
1693,1466,2,26.5,-77.2,2011-08-25 18:00:00,90,HIGH_INTENSITY
1694,1466,2,27.7,-77.3,2011-08-26 00:00:00,90,HIGH_INTENSITY
1695,1466,2,28.8,-77.3,2011-08-26 06:00:00,90,HIGH_INTENSITY
1696,1466,2,30.0,-77.4,2011-08-26 12:00:00,85,HIGH_INTENSITY
1697,1466,2,31.1,-77.5,2011-08-26 18:00:00,80,HIGH_INTENSITY
1698,1466,2,32.1,-77.1,2011-08-27 00:00:00,75,HIGH_INTENSITY
1699,1466,2,33.4,-76.8,2011-08-27 06:00:00,75,HIGH_INTENSITY
1700,1466,2,34.7,-76.6,2011-08-27 12:00:00,75,HIGH_INTENSITY
1701,1466,2,35.5,-76.3,2011-08-27 18:00:00,65,HIGH_INTENSITY
1702,1466,2,36.7,-75.7,2011-08-28 00:00:00,65,HIGH_INTENSITY
1703,1466,2,38.1,-75.0,2011-08-28 06:00:00,65,HIGH_INTENSITY
1713,1468,1,9.3,-21.6,2011-08-28 12:00:00,25,LOW_INTENSITY
1705,1466,3,42.5,-73.1,2011-08-28 18:00:00,50,HIGH_INTENSITY
1715,1468,1,9.3,-24.2,2011-08-29 00:00:00,25,LOW_INTENSITY
1716,1468,1,9.5,-25.6,2011-08-29 06:00:00,25,LOW_INTENSITY
1708,1466,3,49.1,-66.7,2011-08-29 12:00:00,40,HIGH_INTENSITY
1709,1466,3,51.3,-63.8,2011-08-29 18:00:00,40,HIGH_INTENSITY
1719,1468,1,11.0,-29.6,2011-08-30 00:00:00,35,LOW_INTENSITY
1720,1468,1,11.5,-31.1,2011-08-30 06:00:00,40,LOW_INTENSITY
1721,1468,1,12.0,-32.9,2011-08-30 12:00:00,45,LOW_INTENSITY
1722,1468,1,12.6,-34.6,2011-08-30 18:00:00,50,LOW_INTENSITY
1723,1468,1,13.1,-36.4,2011-08-31 00:00:00,50,LOW_INTENSITY
1724,1468,1,13.6,-38.2,2011-08-31 06:00:00,55,LOW_INTENSITY
1725,1468,1,14.0,-40.0,2011-08-31 12:00:00,55,LOW_INTENSITY
1726,1468,1,14.4,-41.8,2011-08-31 18:00:00,60,LOW_INTENSITY
1727,1468,2,14.8,-43.5,2011-09-01 00:00:00,65,HIGH_INTENSITY
1728,1468,2,15.1,-45.2,2011-09-01 06:00:00,65,HIGH_INTENSITY
1729,1468,2,15.3,-46.9,2011-09-01 12:00:00,65,HIGH_INTENSITY
1730,1468,2,15.7,-48.5,2011-09-01 18:00:00,65,HIGH_INTENSITY
1731,1468,2,16.2,-50.0,2011-09-02 00:00:00,65,HIGH_INTENSITY
1732,1468,2,16.8,-51.2,2011-09-02 06:00:00,65,HIGH_INTENSITY
1733,1468,2,17.4,-52.1,2011-09-02 12:00:00,65,HIGH_INTENSITY
1734,1468,2,18.0,-53.0,2011-09-02 18:00:00,65,HIGH_INTENSITY
1735,1468,2,18.4,-53.9,2011-09-03 00:00:00,65,HIGH_INTENSITY
1736,1468,2,18.8,-54.7,2011-09-03 06:00:00,65,HIGH_INTENSITY
1737,1468,2,19.4,-55.4,2011-09-03 12:00:00,65,HIGH_INTENSITY
1738,1468,2,19.9,-56.2,2011-09-03 18:00:00,65,HIGH_INTENSITY
1739,1468,2,20.4,-57.1,2011-09-04 00:00:00,70,HIGH_INTENSITY
1740,1468,2,21.1,-57.9,2011-09-04 06:00:00,75,HIGH_INTENSITY
1741,1468,2,21.7,-58.8,2011-09-04 12:00:00,85,HIGH_INTENSITY
1742,1468,2,22.3,-59.7,2011-09-04 18:00:00,90,HIGH_INTENSITY
1743,1468,2,23.0,-60.6,2011-09-05 00:00:00,90,HIGH_INTENSITY
1744,1468,2,23.6,-61.6,2011-09-05 06:00:00,95,HIGH_INTENSITY
1745,1468,2,24.2,-62.6,2011-09-05 12:00:00,100,HIGH_INTENSITY
1746,1468,2,24.8,-63.4,2011-09-05 18:00:00,110,HIGH_INTENSITY
1747,1468,2,25.6,-64.0,2011-09-06 00:00:00,120,HIGH_INTENSITY
1748,1468,2,26.2,-64.8,2011-09-06 06:00:00,115,HIGH_INTENSITY
1749,1468,2,26.7,-65.6,2011-09-06 12:00:00,105,HIGH_INTENSITY
1774,1471,1,11.5,-35.9,2011-09-06 18:00:00,30,LOW_INTENSITY
1775,1471,1,11.9,-37.5,2011-09-07 00:00:00,35,LOW_INTENSITY
1752,1468,2,28.2,-67.6,2011-09-07 06:00:00,85,HIGH_INTENSITY
1753,1468,2,28.8,-68.4,2011-09-07 12:00:00,80,HIGH_INTENSITY
1778,1471,1,13.0,-43.0,2011-09-07 18:00:00,45,LOW_INTENSITY
1755,1468,2,30.3,-69.9,2011-09-08 00:00:00,80,HIGH_INTENSITY
1756,1468,2,31.5,-70.1,2011-09-08 06:00:00,80,HIGH_INTENSITY
1757,1468,2,32.8,-70.2,2011-09-08 12:00:00,80,HIGH_INTENSITY
1782,1471,1,13.2,-52.1,2011-09-08 18:00:00,40,LOW_INTENSITY
1759,1468,2,35.6,-69.4,2011-09-09 00:00:00,80,HIGH_INTENSITY
1760,1468,2,37.1,-68.4,2011-09-09 06:00:00,75,HIGH_INTENSITY
1785,1471,1,14.3,-56.6,2011-09-09 12:00:00,45,LOW_INTENSITY
1762,1468,2,39.8,-64.6,2011-09-09 18:00:00,75,HIGH_INTENSITY
1787,1471,1,15.4,-59.0,2011-09-10 00:00:00,45,LOW_INTENSITY
1829,1472,3,20.0,-93.4,2011-09-10 06:00:00,45,LOW_INTENSITY
1789,1471,1,16.9,-61.1,2011-09-10 12:00:00,45,LOW_INTENSITY
1790,1471,1,17.8,-62.0,2011-09-10 18:00:00,45,LOW_INTENSITY
1832,1472,3,20.1,-94.7,2011-09-11 00:00:00,55,LOW_INTENSITY
1792,1471,1,18.7,-63.4,2011-09-11 06:00:00,50,LOW_INTENSITY
1769,1468,3,51.1,-26.0,2011-09-11 12:00:00,60,LOW_INTENSITY
1770,1468,3,52.8,-21.1,2011-09-11 18:00:00,60,LOW_INTENSITY
1795,1471,1,20.0,-65.3,2011-09-12 00:00:00,50,LOW_INTENSITY
1772,1468,3,56.2,-11.6,2011-09-12 06:00:00,60,LOW_INTENSITY
1773,1468,3,58.0,-7.0,2011-09-12 12:00:00,60,LOW_INTENSITY
1798,1471,1,20.8,-67.1,2011-09-12 18:00:00,50,LOW_INTENSITY
1799,1471,1,21.0,-67.3,2011-09-13 00:00:00,45,LOW_INTENSITY
1800,1471,1,21.3,-67.5,2011-09-13 06:00:00,45,LOW_INTENSITY
1801,1471,1,21.7,-67.7,2011-09-13 12:00:00,45,LOW_INTENSITY
1802,1471,1,22.3,-68.0,2011-09-13 18:00:00,45,LOW_INTENSITY
1803,1471,1,23.1,-68.5,2011-09-14 00:00:00,45,LOW_INTENSITY
1804,1471,1,23.9,-69.0,2011-09-14 06:00:00,50,LOW_INTENSITY
1805,1471,1,24.7,-69.3,2011-09-14 12:00:00,50,LOW_INTENSITY
1806,1471,1,25.8,-69.3,2011-09-14 18:00:00,55,LOW_INTENSITY
1807,1471,1,27.2,-68.9,2011-09-15 00:00:00,60,LOW_INTENSITY
1808,1471,1,28.8,-68.4,2011-09-15 06:00:00,60,LOW_INTENSITY
1809,1471,1,30.9,-67.8,2011-09-15 12:00:00,60,LOW_INTENSITY
1810,1471,2,33.7,-66.9,2011-09-15 18:00:00,65,HIGH_INTENSITY
1811,1471,2,36.8,-64.8,2011-09-16 00:00:00,70,HIGH_INTENSITY
1812,1471,2,39.8,-62.1,2011-09-16 06:00:00,70,HIGH_INTENSITY
1813,1471,2,42.9,-58.2,2011-09-16 12:00:00,65,HIGH_INTENSITY
1814,1471,3,46.7,-53.9,2011-09-16 18:00:00,60,LOW_INTENSITY
1837,1473,1,11.6,-37.0,2011-09-20 06:00:00,25,LOW_INTENSITY
1838,1473,1,11.9,-37.7,2011-09-20 12:00:00,25,LOW_INTENSITY
1839,1473,1,12.2,-38.6,2011-09-20 18:00:00,30,LOW_INTENSITY
1840,1473,1,12.5,-39.7,2011-09-21 00:00:00,40,LOW_INTENSITY
1841,1473,1,12.7,-41.1,2011-09-21 06:00:00,45,LOW_INTENSITY
1842,1473,1,12.9,-42.6,2011-09-21 12:00:00,50,LOW_INTENSITY
1843,1473,1,13.1,-44.1,2011-09-21 18:00:00,50,LOW_INTENSITY
1844,1473,1,13.3,-45.2,2011-09-22 00:00:00,50,LOW_INTENSITY
1845,1473,1,13.5,-46.3,2011-09-22 06:00:00,55,LOW_INTENSITY
1846,1473,1,13.7,-47.3,2011-09-22 12:00:00,55,LOW_INTENSITY
1847,1473,1,13.9,-48.3,2011-09-22 18:00:00,50,LOW_INTENSITY
1895,1474,1,8.3,-17.5,2011-09-23 00:00:00,20,LOW_INTENSITY
1849,1473,1,14.4,-50.5,2011-09-23 06:00:00,40,LOW_INTENSITY
1897,1474,1,9.0,-20.6,2011-09-23 12:00:00,25,LOW_INTENSITY
1898,1474,1,9.5,-22.0,2011-09-23 18:00:00,25,LOW_INTENSITY
1899,1474,1,10.4,-23.3,2011-09-24 00:00:00,30,LOW_INTENSITY
1853,1473,1,16.5,-54.8,2011-09-24 06:00:00,45,LOW_INTENSITY
1901,1474,1,11.1,-26.1,2011-09-24 12:00:00,35,LOW_INTENSITY
1855,1473,1,17.6,-57.0,2011-09-24 18:00:00,40,LOW_INTENSITY
1903,1474,1,11.5,-28.4,2011-09-25 00:00:00,35,LOW_INTENSITY
1857,1473,1,18.2,-59.0,2011-09-25 06:00:00,35,LOW_INTENSITY
1905,1474,1,12.7,-30.3,2011-09-25 12:00:00,40,LOW_INTENSITY
1859,1473,1,18.6,-60.5,2011-09-25 18:00:00,30,LOW_INTENSITY
1860,1473,1,18.5,-60.8,2011-09-26 00:00:00,25,LOW_INTENSITY
1861,1473,1,18.3,-60.7,2011-09-26 06:00:00,25,LOW_INTENSITY
1909,1474,1,14.9,-33.6,2011-09-26 12:00:00,50,LOW_INTENSITY
1863,1473,1,17.8,-60.2,2011-09-26 18:00:00,25,LOW_INTENSITY
1911,1474,1,15.4,-34.4,2011-09-27 00:00:00,45,LOW_INTENSITY
1912,1474,1,15.5,-34.7,2011-09-27 06:00:00,45,LOW_INTENSITY
1913,1474,1,15.6,-35.2,2011-09-27 12:00:00,40,LOW_INTENSITY
1914,1474,1,15.7,-35.8,2011-09-27 18:00:00,35,LOW_INTENSITY
1915,1474,1,15.8,-36.6,2011-09-28 00:00:00,30,LOW_INTENSITY
1916,1474,1,16.0,-37.4,2011-09-28 06:00:00,30,LOW_INTENSITY
1870,1473,1,18.4,-59.8,2011-09-28 12:00:00,40,LOW_INTENSITY
1871,1473,1,18.7,-60.1,2011-09-28 18:00:00,45,LOW_INTENSITY
1919,1474,1,17.1,-40.5,2011-09-29 00:00:00,40,LOW_INTENSITY
1920,1474,1,17.8,-41.5,2011-09-29 06:00:00,45,LOW_INTENSITY
1921,1474,1,18.7,-42.3,2011-09-29 12:00:00,45,LOW_INTENSITY
1875,1473,2,21.0,-61.9,2011-09-29 18:00:00,65,HIGH_INTENSITY
1876,1473,2,21.6,-62.3,2011-09-30 00:00:00,70,HIGH_INTENSITY
1924,1474,1,21.7,-44.2,2011-09-30 06:00:00,40,LOW_INTENSITY
1878,1473,2,23.4,-63.0,2011-09-30 12:00:00,95,HIGH_INTENSITY
1879,1473,2,24.6,-63.3,2011-09-30 18:00:00,100,HIGH_INTENSITY
1927,1474,1,23.8,-46.3,2011-10-01 00:00:00,50,LOW_INTENSITY
1881,1473,2,27.3,-63.2,2011-10-01 06:00:00,105,HIGH_INTENSITY
1882,1473,2,28.9,-63.1,2011-10-01 12:00:00,105,HIGH_INTENSITY
1883,1473,2,30.7,-62.9,2011-10-01 18:00:00,110,HIGH_INTENSITY
1884,1473,2,32.8,-62.5,2011-10-02 00:00:00,120,HIGH_INTENSITY
1885,1473,2,35.0,-62.1,2011-10-02 06:00:00,110,HIGH_INTENSITY
1886,1473,2,37.4,-61.6,2011-10-02 12:00:00,105,HIGH_INTENSITY
1887,1473,2,40.1,-60.8,2011-10-02 18:00:00,90,HIGH_INTENSITY
1935,1474,1,26.2,-53.2,2011-10-03 00:00:00,45,LOW_INTENSITY
1936,1474,1,25.6,-54.0,2011-10-03 06:00:00,50,LOW_INTENSITY
1937,1474,1,24.9,-54.8,2011-10-03 12:00:00,55,LOW_INTENSITY
1938,1474,1,24.3,-55.6,2011-10-03 18:00:00,60,LOW_INTENSITY
1892,1473,3,49.9,-43.6,2011-10-04 00:00:00,40,LOW_INTENSITY
1893,1473,3,50.6,-37.8,2011-10-04 06:00:00,40,LOW_INTENSITY
1941,1474,3,23.8,-58.7,2011-10-04 12:00:00,60,LOW_INTENSITY
1942,1474,3,24.0,-59.6,2011-10-04 18:00:00,60,LOW_INTENSITY
1943,1474,3,24.3,-60.2,2011-10-05 00:00:00,60,LOW_INTENSITY
1944,1474,3,24.7,-60.7,2011-10-05 06:00:00,60,LOW_INTENSITY
1945,1474,3,25.2,-61.0,2011-10-05 12:00:00,55,LOW_INTENSITY
1946,1474,3,25.5,-61.1,2011-10-05 18:00:00,55,LOW_INTENSITY
1947,1474,3,25.9,-61.1,2011-10-06 00:00:00,60,LOW_INTENSITY
1948,1474,4,26.5,-61.0,2011-10-06 06:00:00,65,HIGH_INTENSITY
1949,1474,4,27.4,-60.4,2011-10-06 12:00:00,70,HIGH_INTENSITY
1950,1474,4,28.2,-59.7,2011-10-06 18:00:00,80,HIGH_INTENSITY
1951,1474,4,28.7,-58.8,2011-10-07 00:00:00,80,HIGH_INTENSITY
1952,1474,4,29.0,-57.7,2011-10-07 06:00:00,80,HIGH_INTENSITY
1953,1474,4,29.3,-56.5,2011-10-07 12:00:00,80,HIGH_INTENSITY
1954,1474,4,29.7,-55.1,2011-10-07 18:00:00,70,HIGH_INTENSITY
1955,1474,4,30.1,-53.5,2011-10-08 00:00:00,65,HIGH_INTENSITY
1956,1474,5,30.9,-51.4,2011-10-08 06:00:00,60,LOW_INTENSITY
1957,1474,5,32.3,-48.7,2011-10-08 12:00:00,60,LOW_INTENSITY
1958,1474,5,34.4,-46.0,2011-10-08 18:00:00,50,LOW_INTENSITY
1959,1474,5,37.5,-43.6,2011-10-09 00:00:00,45,LOW_INTENSITY
1960,1475,1,12.7,-81.0,2011-10-22 00:00:00,25,LOW_INTENSITY
1961,1475,1,12.7,-81.2,2011-10-22 06:00:00,25,LOW_INTENSITY
1962,1475,1,12.9,-81.4,2011-10-22 12:00:00,25,LOW_INTENSITY
1963,1475,1,13.2,-81.4,2011-10-22 18:00:00,25,LOW_INTENSITY
1964,1475,1,13.6,-81.4,2011-10-23 00:00:00,25,LOW_INTENSITY
1965,1475,1,14.2,-81.4,2011-10-23 06:00:00,25,LOW_INTENSITY
1966,1475,1,14.8,-81.5,2011-10-23 12:00:00,25,LOW_INTENSITY
1967,1475,1,15.5,-81.7,2011-10-23 18:00:00,30,LOW_INTENSITY
1968,1475,1,16.0,-81.9,2011-10-24 00:00:00,35,LOW_INTENSITY
1969,1475,1,16.5,-82.2,2011-10-24 06:00:00,40,LOW_INTENSITY
1970,1475,1,16.9,-82.6,2011-10-24 12:00:00,50,LOW_INTENSITY
1971,1475,2,17.1,-83.0,2011-10-24 18:00:00,65,HIGH_INTENSITY
1972,1475,2,17.2,-83.2,2011-10-25 00:00:00,75,HIGH_INTENSITY
1973,1475,2,17.3,-83.5,2011-10-25 06:00:00,90,HIGH_INTENSITY
1974,1475,2,17.3,-83.8,2011-10-25 12:00:00,95,HIGH_INTENSITY
1975,1475,2,17.3,-84.2,2011-10-25 18:00:00,100,HIGH_INTENSITY
1976,1475,2,17.4,-84.6,2011-10-26 00:00:00,100,HIGH_INTENSITY
1977,1475,2,17.5,-85.0,2011-10-26 06:00:00,100,HIGH_INTENSITY
1978,1475,2,17.7,-85.4,2011-10-26 12:00:00,85,HIGH_INTENSITY
1979,1475,2,18.0,-85.8,2011-10-26 18:00:00,80,HIGH_INTENSITY
1980,1475,2,18.3,-86.3,2011-10-27 00:00:00,80,HIGH_INTENSITY
1981,1475,2,18.6,-86.7,2011-10-27 06:00:00,65,HIGH_INTENSITY
1982,1475,3,19.0,-86.9,2011-10-27 12:00:00,60,LOW_INTENSITY
1983,1475,3,19.5,-87.1,2011-10-27 18:00:00,60,LOW_INTENSITY
1984,1475,3,20.2,-87.2,2011-10-28 00:00:00,55,LOW_INTENSITY
1985,1475,3,20.9,-87.1,2011-10-28 06:00:00,50,LOW_INTENSITY
1986,1475,3,21.4,-86.9,2011-10-28 12:00:00,40,LOW_INTENSITY
1987,1475,3,21.7,-86.4,2011-10-28 18:00:00,25,LOW_INTENSITY
1988,1475,3,21.8,-85.3,2011-10-29 00:00:00,20,LOW_INTENSITY
1989,1475,3,21.5,-84.2,2011-10-29 06:00:00,20,LOW_INTENSITY
